fixIdx,legIdx,zoneIdx,tickLead,tickRace,time,lat,lng,alt,togo
1148,1,1,-2841.416134254947,-8310.642525456537,,,,1121.0,99.917
1181,1,34,-2808.416134254947,-8277.642525456537,,,,1118.0,99.911
1182,1,35,-2807.416134254947,-8276.642525456537,,,,1118.0,99.902
1183,1,36,-2806.416134254947,-8275.642525456537,,,,1115.0,99.891
1184,1,37,-2805.416134254947,-8274.642525456537,,,,1112.0,99.877
1185,1,38,-2804.416134254947,-8273.642525456537,,,,1111.0,99.862
1186,1,39,-2803.416134254947,-8272.642525456537,,,,1111.0,99.849
1187,1,40,-2802.416134254947,-8271.642525456537,,,,1113.0,99.837
1188,1,41,-2801.416134254947,-8270.642525456537,,,,1115.0,99.828
1189,1,42,-2800.416134254947,-8269.642525456537,,,,1117.0,99.82
1190,1,43,-2799.416134254947,-8268.642525456537,,,,1118.0,99.812
1191,1,44,-2798.416134254947,-8267.642525456537,,,,1119.0,99.803
1192,1,45,-2797.416134254947,-8266.642525456537,,,,1120.0,99.794
1193,1,46,-2796.416134254947,-8265.642525456537,,,,1123.0,99.785
1194,1,47,-2795.416134254947,-8264.642525456537,,,,1125.0,99.776
1195,1,48,-2794.416134254947,-8263.642525456537,,,,1127.0,99.764
1196,1,49,-2793.416134254947,-8262.642525456537,,,,1128.0,99.752
1197,1,50,-2792.416134254947,-8261.642525456537,,,,1128.0,99.738
1198,1,51,-2791.416134254947,-8260.642525456537,,,,1128.0,99.721
1199,1,52,-2790.416134254947,-8259.642525456537,,,,1124.0,99.704
1200,1,53,-2789.416134254947,-8258.642525456537,,,,1120.0,99.692
1201,1,54,-2788.416134254947,-8257.642525456537,,,,1120.0,99.685
1202,1,55,-2787.416134254947,-8256.642525456537,,,,1123.0,99.684
1219,1,72,-2770.416134254947,-8239.642525456537,,,,1126.0,99.683
1220,1,73,-2769.416134254947,-8238.642525456537,,,,1129.0,99.666
1221,1,74,-2768.416134254947,-8237.642525456537,,,,1133.0,99.652
1222,1,75,-2767.416134254947,-8236.642525456537,,,,1137.0,99.637
1223,1,76,-2766.416134254947,-8235.642525456537,,,,1141.0,99.625
1224,1,77,-2765.416134254947,-8234.642525456537,,,,1144.0,99.617
1225,1,78,-2764.416134254947,-8233.642525456537,,,,1146.0,99.61
1226,1,79,-2763.416134254947,-8232.642525456537,,,,1146.0,99.609
1291,1,144,-2698.416134254947,-8167.642525456537,,,,1196.0,99.608
1292,1,145,-2697.416134254947,-8166.642525456537,,,,1194.0,99.607
2025,1,878,-1964.416134254947,-7433.642525456537,,,,1406.0,99.603
2026,1,879,-1963.416134254947,-7432.642525456537,,,,1406.0,99.591
2027,1,880,-1962.416134254947,-7431.642525456537,,,,1404.0,99.579
2028,1,881,-1961.416134254947,-7430.642525456537,,,,1401.0,99.568
2029,1,882,-1960.416134254947,-7429.642525456537,,,,1398.0,99.561
2030,1,883,-1959.416134254947,-7428.642525456537,,,,1395.0,99.558
2138,1,991,-1851.416134254947,-7320.642525456537,,,,1271.0,99.545
2139,1,992,-1850.416134254947,-7319.642525456537,,,,1269.0,99.535
2140,1,993,-1849.416134254947,-7318.642525456537,,,,1269.0,99.524
2141,1,994,-1848.416134254947,-7317.642525456537,,,,1269.0,99.516
2142,1,995,-1847.416134254947,-7316.642525456537,,,,1268.0,99.507
2143,1,996,-1846.416134254947,-7315.642525456537,,,,1267.0,99.496
2144,1,997,-1845.416134254947,-7314.642525456537,,,,1266.0,99.486
2145,1,998,-1844.416134254947,-7313.642525456537,,,,1267.0,99.474
2146,1,999,-1843.416134254947,-7312.642525456537,,,,1266.0,99.462
2147,1,1000,-1842.416134254947,-7311.642525456537,,,,1265.0,99.449
2148,1,1001,-1841.416134254947,-7310.642525456537,,,,1263.0,99.438
2149,1,1002,-1840.416134254947,-7309.642525456537,,,,1261.0,99.426
2150,1,1003,-1839.416134254947,-7308.642525456537,,,,1258.0,99.418
2151,1,1004,-1838.416134254947,-7307.642525456537,,,,1259.0,99.41
2152,1,1005,-1837.416134254947,-7306.642525456537,,,,1259.0,99.404
2153,1,1006,-1836.416134254947,-7305.642525456537,,,,1259.0,99.399
2154,1,1007,-1835.416134254947,-7304.642525456537,,,,1260.0,99.394
2155,1,1008,-1834.416134254947,-7303.642525456537,,,,1259.0,99.388
2156,1,1009,-1833.416134254947,-7302.642525456537,,,,1259.0,99.384
2157,1,1010,-1832.416134254947,-7301.642525456537,,,,1258.0,99.38
2158,1,1011,-1831.416134254947,-7300.642525456537,,,,1257.0,99.375
2159,1,1012,-1830.416134254947,-7299.642525456537,,,,1254.0,99.371
2160,1,1013,-1829.416134254947,-7298.642525456537,,,,1251.0,99.367
2161,1,1014,-1828.416134254947,-7297.642525456537,,,,1250.0,99.363
2162,1,1015,-1827.416134254947,-7296.642525456537,,,,1249.0,99.361
2163,1,1016,-1826.416134254947,-7295.642525456537,,,,1248.0,99.358
2164,1,1017,-1825.416134254947,-7294.642525456537,,,,1248.0,99.355
2165,1,1018,-1824.416134254947,-7293.642525456537,,,,1248.0,99.353
2166,1,1019,-1823.416134254947,-7292.642525456537,,,,1248.0,99.352
2167,1,1020,-1822.416134254947,-7291.642525456537,,,,1250.0,99.348
2168,1,1021,-1821.416134254947,-7290.642525456537,,,,1249.0,99.345
2169,1,1022,-1820.416134254947,-7289.642525456537,,,,1249.0,99.342
2170,1,1023,-1819.416134254947,-7288.642525456537,,,,1248.0,99.338
2171,1,1024,-1818.416134254947,-7287.642525456537,,,,1248.0,99.334
2172,1,1025,-1817.416134254947,-7286.642525456537,,,,1247.0,99.329
2173,1,1026,-1816.416134254947,-7285.642525456537,,,,1247.0,99.324
2174,1,1027,-1815.416134254947,-7284.642525456537,,,,1246.0,99.321
2175,1,1028,-1814.416134254947,-7283.642525456537,,,,1246.0,99.319
2193,1,1046,-1796.416134254947,-7265.642525456537,,,,1265.0,99.318
2194,1,1047,-1795.416134254947,-7264.642525456537,,,,1270.0,99.306
2195,1,1048,-1794.416134254947,-7263.642525456537,,,,1274.0,99.294
2196,1,1049,-1793.416134254947,-7262.642525456537,,,,1277.0,99.278
2197,1,1050,-1792.416134254947,-7261.642525456537,,,,1278.0,99.265
2198,1,1051,-1791.416134254947,-7260.642525456537,,,,1280.0,99.254
2199,1,1052,-1790.416134254947,-7259.642525456537,,,,1281.0,99.247
2200,1,1053,-1789.416134254947,-7258.642525456537,,,,1282.0,99.245
2486,1,1339,-1503.416134254947,-6972.642525456537,,,,1333.0,99.237
2487,1,1340,-1502.416134254947,-6971.642525456537,,,,1336.0,99.228
2488,1,1341,-1501.416134254947,-6970.642525456537,,,,1340.0,99.215
2489,1,1342,-1500.416134254947,-6969.642525456537,,,,1343.0,99.202
2490,1,1343,-1499.416134254947,-6968.642525456537,,,,1346.0,99.188
2491,1,1344,-1498.416134254947,-6967.642525456537,,,,1351.0,99.174
2492,1,1345,-1497.416134254947,-6966.642525456537,,,,1354.0,99.159
2493,1,1346,-1496.416134254947,-6965.642525456537,,,,1357.0,99.145
2494,1,1347,-1495.416134254947,-6964.642525456537,,,,1360.0,99.13
2495,1,1348,-1494.416134254947,-6963.642525456537,,,,1360.0,99.114
2496,1,1349,-1493.416134254947,-6962.642525456537,,,,1359.0,99.1
2497,1,1350,-1492.416134254947,-6961.642525456537,,,,1357.0,99.082
2498,1,1351,-1491.416134254947,-6960.642525456537,,,,1354.0,99.064
2499,1,1352,-1490.416134254947,-6959.642525456537,,,,1352.0,99.05
2500,1,1353,-1489.416134254947,-6958.642525456537,,,,1350.0,99.034
2501,1,1354,-1488.416134254947,-6957.642525456537,,,,1349.0,99.025
2502,1,1355,-1487.416134254947,-6956.642525456537,,,,1349.0,99.022
2503,1,1356,-1486.416134254947,-6955.642525456537,,,,1349.0,99.021
2536,1,1389,-1453.416134254947,-6922.642525456537,,,,1376.0,99.011
2537,1,1390,-1452.416134254947,-6921.642525456537,,,,1374.0,98.996
2538,1,1391,-1451.416134254947,-6920.642525456537,,,,1370.0,98.983
2539,1,1392,-1450.416134254947,-6919.642525456537,,,,1366.0,98.971
2540,1,1393,-1449.416134254947,-6918.642525456537,,,,1364.0,98.962
2541,1,1394,-1448.416134254947,-6917.642525456537,,,,1361.0,98.956
2542,1,1395,-1447.416134254947,-6916.642525456537,,,,1359.0,98.951
2543,1,1396,-1446.416134254947,-6915.642525456537,,,,1356.0,98.947
2544,1,1397,-1445.416134254947,-6914.642525456537,,,,1351.0,98.941
2545,1,1398,-1444.416134254947,-6913.642525456537,,,,1345.0,98.933
2546,1,1399,-1443.416134254947,-6912.642525456537,,,,1346.0,98.923
2547,1,1400,-1442.416134254947,-6911.642525456537,,,,1344.0,98.913
2548,1,1401,-1441.416134254947,-6910.642525456537,,,,1343.0,98.905
2549,1,1402,-1440.416134254947,-6909.642525456537,,,,1342.0,98.898
2550,1,1403,-1439.416134254947,-6908.642525456537,,,,1341.0,98.894
2551,1,1404,-1438.416134254947,-6907.642525456537,,,,1340.0,98.891
2552,1,1405,-1437.416134254947,-6906.642525456537,,,,1339.0,98.888
2877,1,1730,-1112.416134254947,-6581.642525456537,,,,1435.0,98.88
2878,1,1731,-1111.416134254947,-6580.642525456537,,,,1435.0,98.863
2879,1,1732,-1110.416134254947,-6579.642525456537,,,,1435.0,98.847
2880,1,1733,-1109.416134254947,-6578.642525456537,,,,1433.0,98.832
2881,1,1734,-1108.416134254947,-6577.642525456537,,,,1432.0,98.816
2882,1,1735,-1107.416134254947,-6576.642525456537,,,,1432.0,98.801
2883,1,1736,-1106.416134254947,-6575.642525456537,,,,1430.0,98.785
2884,1,1737,-1105.416134254947,-6574.642525456537,,,,1428.0,98.77
2885,1,1738,-1104.416134254947,-6573.642525456537,,,,1427.0,98.754
2886,1,1739,-1103.416134254947,-6572.642525456537,,,,1424.0,98.74
2887,1,1740,-1102.416134254947,-6571.642525456537,,,,1423.0,98.721
2888,1,1741,-1101.416134254947,-6570.642525456537,,,,1420.0,98.702
2889,1,1742,-1100.416134254947,-6569.642525456537,,,,1418.0,98.683
2890,1,1743,-1099.416134254947,-6568.642525456537,,,,1417.0,98.666
2891,1,1744,-1098.416134254947,-6567.642525456537,,,,1417.0,98.65
2892,1,1745,-1097.416134254947,-6566.642525456537,,,,1416.0,98.634
2893,1,1746,-1096.416134254947,-6565.642525456537,,,,1416.0,98.616
2894,1,1747,-1095.416134254947,-6564.642525456537,,,,1416.0,98.599
2895,1,1748,-1094.416134254947,-6563.642525456537,,,,1415.0,98.583
2896,1,1749,-1093.416134254947,-6562.642525456537,,,,1415.0,98.565
2897,1,1750,-1092.416134254947,-6561.642525456537,,,,1414.0,98.548
2898,1,1751,-1091.416134254947,-6560.642525456537,,,,1412.0,98.531
2899,1,1752,-1090.416134254947,-6559.642525456537,,,,1411.0,98.516
2900,1,1753,-1089.416134254947,-6558.642525456537,,,,1409.0,98.499
2901,1,1754,-1088.416134254947,-6557.642525456537,,,,1407.0,98.482
2902,1,1755,-1087.416134254947,-6556.642525456537,,,,1405.0,98.463
2903,1,1756,-1086.416134254947,-6555.642525456537,,,,1403.0,98.444
2904,1,1757,-1085.416134254947,-6554.642525456537,,,,1401.0,98.426
2905,1,1758,-1084.416134254947,-6553.642525456537,,,,1398.0,98.407
2906,1,1759,-1083.416134254947,-6552.642525456537,,,,1397.0,98.39
2907,1,1760,-1082.416134254947,-6551.642525456537,,,,1397.0,98.372
2908,1,1761,-1081.416134254947,-6550.642525456537,,,,1398.0,98.354
2909,1,1762,-1080.416134254947,-6549.642525456537,,,,1398.0,98.337
2910,1,1763,-1079.416134254947,-6548.642525456537,,,,1398.0,98.318
2911,1,1764,-1078.416134254947,-6547.642525456537,,,,1395.0,98.302
2912,1,1765,-1077.416134254947,-6546.642525456537,,,,1392.0,98.285
2913,1,1766,-1076.416134254947,-6545.642525456537,,,,1389.0,98.27
2914,1,1767,-1075.416134254947,-6544.642525456537,,,,1388.0,98.256
2915,1,1768,-1074.416134254947,-6543.642525456537,,,,1387.0,98.249
2916,1,1769,-1073.416134254947,-6542.642525456537,,,,1385.0,98.246
3940,1,2793,-49.416134254947,-5518.642525456537,,,,1353.0,98.245
3941,1,2794,-48.416134254947,-5517.642525456537,,,,1350.0,98.222
3942,1,2795,-47.416134254947,-5516.642525456537,,,,1349.0,98.2
3943,1,2796,-46.416134254947,-5515.642525456537,,,,1346.0,98.178
3944,1,2797,-45.416134254947,-5514.642525456537,,,,1344.0,98.155
3945,1,2798,-44.416134254947,-5513.642525456537,,,,1342.0,98.134
3946,1,2799,-43.416134254947,-5512.642525456537,,,,1342.0,98.113
3947,1,2800,-42.416134254947,-5511.642525456537,,,,1342.0,98.094
3948,1,2801,-41.416134254947,-5510.642525456537,,,,1342.0,98.075
3949,1,2802,-40.416134254947,-5509.642525456537,,,,1342.0,98.055
3950,1,2803,-39.416134254947,-5508.642525456537,,,,1341.0,98.036
3951,1,2804,-38.416134254947,-5507.642525456537,,,,1339.0,98.016
3952,1,2805,-37.416134254947,-5506.642525456537,,,,1337.0,97.996
3953,1,2806,-36.416134254947,-5505.642525456537,,,,1335.0,97.977
3954,1,2807,-35.416134254947,-5504.642525456537,,,,1333.0,97.955
3955,1,2808,-34.416134254947,-5503.642525456537,,,,1332.0,97.933
3956,1,2809,-33.416134254947,-5502.642525456537,,,,1330.0,97.913
3957,1,2810,-32.416134254947,-5501.642525456537,,,,1329.0,97.891
3958,1,2811,-31.416134254947,-5500.642525456537,,,,1328.0,97.87
3959,1,2812,-30.416134254947,-5499.642525456537,,,,1327.0,97.85
3960,1,2813,-29.416134254947,-5498.642525456537,,,,1327.0,97.831
3961,1,2814,-28.416134254947,-5497.642525456537,,,,1326.0,97.812
3962,1,2815,-27.416134254947,-5496.642525456537,,,,1326.0,97.793
3963,1,2816,-26.416134254947,-5495.642525456537,,,,1326.0,97.775
3964,1,2817,-25.416134254947,-5494.642525456537,,,,1326.0,97.758
3965,1,2818,-24.416134254947,-5493.642525456537,,,,1326.0,97.74
3966,1,2819,-23.416134254947,-5492.642525456537,,,,1325.0,97.725
3967,1,2820,-22.416134254947,-5491.642525456537,,,,1323.0,97.71
3968,1,2821,-21.416134254947,-5490.642525456537,,,,1321.0,97.694
3969,1,2822,-20.416134254947,-5489.642525456537,,,,1318.0,97.677
3970,1,2823,-19.416134254947,-5488.642525456537,,,,1316.0,97.661
3971,1,2824,-18.416134254947,-5487.642525456537,,,,1314.0,97.644
3972,1,2825,-17.416134254947,-5486.642525456537,,,,1312.0,97.626
3973,1,2826,-16.416134254947,-5485.642525456537,,,,1312.0,97.61
3974,1,2827,-15.416134254947,-5484.642525456537,,,,1311.0,97.592
3975,1,2828,-14.416134254947,-5483.642525456537,,,,1310.0,97.576
3976,1,2829,-13.416134254947,-5482.642525456537,,,,1308.0,97.559
3977,1,2830,-12.416134254947,-5481.642525456537,,,,1306.0,97.542
3978,1,2831,-11.416134254947,-5480.642525456537,,,,1304.0,97.523
3979,1,2832,-10.416134254947,-5479.642525456537,,,,1302.0,97.506
3980,1,2833,-9.416134254947,-5478.642525456537,,,,1301.0,97.486
3981,1,2834,-8.416134254947,-5477.642525456537,,,,1300.0,97.47
3982,1,2835,-7.416134254947,-5476.642525456537,,,,1300.0,97.453
3983,1,2836,-6.416134254947,-5475.642525456537,,,,1300.0,97.437
3984,1,2837,-5.416134254947,-5474.642525456537,,,,1298.0,97.422
3985,1,2838,-4.416134254947,-5473.642525456537,,,,1298.0,97.407
3986,1,2839,-3.416134254947,-5472.642525456537,,,,1296.0,97.393
3987,1,2840,-2.416134254947,-5471.642525456537,,,,1293.0,97.379
3988,1,2841,-1.416134254947,-5470.642525456537,,,,1293.0,97.364
3989,1,2842,-0.416134254947,-5469.642525456537,,,,1292.0,97.349
3990,1,2843,0.583865745053,-5468.642525456537,,,,1289.0,97.332
3991,1,2844,1.583865745053,-5467.642525456537,,,,1287.0,97.319
3992,1,2845,2.583865745053,-5466.642525456537,,,,1286.0,97.303
3993,1,2846,3.583865745053,-5465.642525456537,,,,1285.0,97.289
3994,1,2847,4.583865745053,-5464.642525456537,,,,1283.0,97.273
3995,1,2848,5.583865745053,-5463.642525456537,,,,1280.0,97.258
3996,1,2849,6.583865745053,-5462.642525456537,,,,1278.0,97.243
3997,1,2850,7.583865745053,-5461.642525456537,,,,1273.0,97.225
3998,1,2851,8.583865745053,-5460.642525456537,,,,1275.0,97.209
3999,1,2852,9.583865745053,-5459.642525456537,,,,1273.0,97.193
4000,1,2853,10.583865745053,-5458.642525456537,,,,1271.0,97.174
4001,1,2854,11.583865745053,-5457.642525456537,,,,1269.0,97.156
4002,1,2855,12.583865745053,-5456.642525456537,,,,1267.0,97.14
4003,1,2856,13.583865745053,-5455.642525456537,,,,1265.0,97.123
4004,1,2857,14.583865745053,-5454.642525456537,,,,1264.0,97.106
4005,1,2858,15.583865745053,-5453.642525456537,,,,1263.0,97.091
4006,1,2859,16.583865745053,-5452.642525456537,,,,1262.0,97.076
4007,1,2860,17.583865745053,-5451.642525456537,,,,1261.0,97.064
4008,1,2861,18.583865745053,-5450.642525456537,,,,1262.0,97.049
4009,1,2862,19.583865745053,-5449.642525456537,,,,1261.0,97.036
4010,1,2863,20.583865745053,-5448.642525456537,,,,1261.0,97.023
4011,1,2864,21.583865745053,-5447.642525456537,,,,1261.0,97.011
4012,1,2865,22.583865745053,-5446.642525456537,,,,1261.0,96.998
4013,1,2866,23.583865745053,-5445.642525456537,,,,1260.0,96.986
4014,1,2867,24.583865745053,-5444.642525456537,,,,1259.0,96.973
4015,1,2868,25.583865745053,-5443.642525456537,,,,1258.0,96.961
4016,1,2869,26.583865745053,-5442.642525456537,,,,1256.0,96.946
4017,1,2870,27.583865745053,-5441.642525456537,,,,1254.0,96.931
4018,1,2871,28.583865745053,-5440.642525456537,,,,1253.0,96.915
4019,1,2872,29.583865745053,-5439.642525456537,,,,1252.0,96.897
4020,1,2873,30.583865745053,-5438.642525456537,,,,1251.0,96.877
4021,1,2874,31.583865745053,-5437.642525456537,,,,1251.0,96.859
4022,1,2875,32.583865745053,-5436.642525456537,,,,1250.0,96.841
4023,1,2876,33.583865745053,-5435.642525456537,,,,1249.0,96.826
4024,2,1,34.583865745053,-5434.642525456537,,,,1249.0,96.811
4025,2,2,35.583865745053,-5433.642525456537,,,,1247.0,96.795
4026,2,3,36.583865745053,-5432.642525456537,,,,1246.0,96.779
4027,2,4,37.583865745053,-5431.642525456537,,,,1245.0,96.761
4028,2,5,38.583865745053,-5430.642525456537,,,,1245.0,96.744
4029,2,6,39.583865745053,-5429.642525456537,,,,1245.0,96.727
4030,2,7,40.583865745053,-5428.642525456537,,,,1244.0,96.71
4031,2,8,41.583865745053,-5427.642525456537,,,,1244.0,96.691
4032,2,9,42.583865745053,-5426.642525456537,,,,1242.0,96.672
4033,2,10,43.583865745053,-5425.642525456537,,,,1241.0,96.652
4034,2,11,44.583865745053,-5424.642525456537,,,,1239.0,96.632
4035,2,12,45.583865745053,-5423.642525456537,,,,1239.0,96.612
4036,2,13,46.583865745053,-5422.642525456537,,,,1238.0,96.592
4037,2,14,47.583865745053,-5421.642525456537,,,,1237.0,96.573
4038,2,15,48.583865745053,-5420.642525456537,,,,1235.0,96.554
4039,2,16,49.583865745053,-5419.642525456537,,,,1235.0,96.535
4040,2,17,50.583865745053,-5418.642525456537,,,,1234.0,96.517
4041,2,18,51.583865745053,-5417.642525456537,,,,1234.0,96.499
4042,2,19,52.583865745053,-5416.642525456537,,,,1233.0,96.481
4043,2,20,53.583865745053,-5415.642525456537,,,,1231.0,96.462
4044,2,21,54.583865745053,-5414.642525456537,,,,1230.0,96.443
4045,2,22,55.583865745053,-5413.642525456537,,,,1228.0,96.425
4046,2,23,56.583865745053,-5412.642525456537,,,,1226.0,96.407
4047,2,24,57.583865745053,-5411.642525456537,,,,1225.0,96.387
4048,2,25,58.583865745053,-5410.642525456537,,,,1223.0,96.367
4049,2,26,59.583865745053,-5409.642525456537,,,,1222.0,96.348
4050,2,27,60.583865745053,-5408.642525456537,,,,1218.0,96.329
4051,2,28,61.583865745053,-5407.642525456537,,,,1215.0,96.309
4052,2,29,62.583865745053,-5406.642525456537,,,,1212.0,96.289
4053,2,30,63.583865745053,-5405.642525456537,,,,1210.0,96.271
4054,2,31,64.583865745053,-5404.642525456537,,,,1208.0,96.251
4055,2,32,65.583865745053,-5403.642525456537,,,,1205.0,96.233
4056,2,33,66.583865745053,-5402.642525456537,,,,1202.0,96.213
4057,2,34,67.583865745053,-5401.642525456537,,,,1199.0,96.193
4058,2,35,68.583865745053,-5400.642525456537,,,,1195.0,96.174
4059,2,36,69.583865745053,-5399.642525456537,,,,1193.0,96.155
4060,2,37,70.583865745053,-5398.642525456537,,,,1191.0,96.136
4061,2,38,71.583865745053,-5397.642525456537,,,,1190.0,96.118
4062,2,39,72.583865745053,-5396.642525456537,,,,1187.0,96.099
4063,2,40,73.583865745053,-5395.642525456537,,,,1185.0,96.081
4064,2,41,74.583865745053,-5394.642525456537,,,,1182.0,96.063
4065,2,42,75.583865745053,-5393.642525456537,,,,1179.0,96.044
4066,2,43,76.583865745053,-5392.642525456537,,,,1175.0,96.025
4067,2,44,77.583865745053,-5391.642525456537,,,,1172.0,96.005
4068,2,45,78.583865745053,-5390.642525456537,,,,1171.0,95.986
4069,2,46,79.583865745053,-5389.642525456537,,,,1169.0,95.968
4070,2,47,80.583865745053,-5388.642525456537,,,,1167.0,95.95
4071,2,48,81.583865745053,-5387.642525456537,,,,1164.0,95.931
4072,2,49,82.583865745053,-5386.642525456537,,,,1163.0,95.913
4073,2,50,83.583865745053,-5385.642525456537,,,,1160.0,95.894
4074,2,51,84.583865745053,-5384.642525456537,,,,1156.0,95.876
4075,2,52,85.583865745053,-5383.642525456537,,,,1153.0,95.858
4076,2,53,86.583865745053,-5382.642525456537,,,,1149.0,95.838
4077,2,54,87.583865745053,-5381.642525456537,,,,1145.0,95.82
4078,2,55,88.583865745053,-5380.642525456537,,,,1142.0,95.797
4079,2,56,89.583865745053,-5379.642525456537,,,,1139.0,95.777
4080,2,57,90.583865745053,-5378.642525456537,,,,1138.0,95.755
4081,2,58,91.583865745053,-5377.642525456537,,,,1136.0,95.735
4082,2,59,92.583865745053,-5376.642525456537,,,,1135.0,95.714
4083,2,60,93.583865745053,-5375.642525456537,,,,1133.0,95.693
4084,2,61,94.583865745053,-5374.642525456537,,,,1132.0,95.673
4085,2,62,95.583865745053,-5373.642525456537,,,,1130.0,95.652
4086,2,63,96.583865745053,-5372.642525456537,,,,1129.0,95.632
4087,2,64,97.583865745053,-5371.642525456537,,,,1128.0,95.612
4088,2,65,98.583865745053,-5370.642525456537,,,,1127.0,95.591
4089,2,66,99.583865745053,-5369.642525456537,,,,1126.0,95.571
4090,2,67,100.583865745053,-5368.642525456537,,,,1126.0,95.55
4091,2,68,101.583865745053,-5367.642525456537,,,,1125.0,95.531
4092,2,69,102.583865745053,-5366.642525456537,,,,1124.0,95.509
4093,2,70,103.583865745053,-5365.642525456537,,,,1123.0,95.488
4094,2,71,104.583865745053,-5364.642525456537,,,,1121.0,95.468
4095,2,72,105.583865745053,-5363.642525456537,,,,1119.0,95.446
4096,2,73,106.583865745053,-5362.642525456537,,,,1118.0,95.427
4097,2,74,107.583865745053,-5361.642525456537,,,,1117.0,95.407
4098,2,75,108.583865745053,-5360.642525456537,,,,1117.0,95.387
4099,2,76,109.583865745053,-5359.642525456537,,,,1115.0,95.368
4100,2,77,110.583865745053,-5358.642525456537,,,,1113.0,95.35
4101,2,78,111.583865745053,-5357.642525456537,,,,1109.0,95.331
4102,2,79,112.583865745053,-5356.642525456537,,,,1110.0,95.313
4103,2,80,113.583865745053,-5355.642525456537,,,,1108.0,95.294
4104,2,81,114.583865745053,-5354.642525456537,,,,1104.0,95.277
4105,2,82,115.583865745053,-5353.642525456537,,,,1102.0,95.258
4106,2,83,116.583865745053,-5352.642525456537,,,,1101.0,95.241
4107,2,84,117.583865745053,-5351.642525456537,,,,1100.0,95.224
4108,2,85,118.583865745053,-5350.642525456537,,,,1100.0,95.207
4109,2,86,119.583865745053,-5349.642525456537,,,,1099.0,95.189
4110,2,87,120.583865745053,-5348.642525456537,,,,1097.0,95.172
4111,2,88,121.583865745053,-5347.642525456537,,,,1096.0,95.154
4112,2,89,122.583865745053,-5346.642525456537,,,,1094.0,95.135
4113,2,90,123.583865745053,-5345.642525456537,,,,1093.0,95.116
4114,2,91,124.583865745053,-5344.642525456537,,,,1090.0,95.096
4115,2,92,125.583865745053,-5343.642525456537,,,,1088.0,95.079
4116,2,93,126.583865745053,-5342.642525456537,,,,1086.0,95.059
4117,2,94,127.583865745053,-5341.642525456537,,,,1085.0,95.041
4118,2,95,128.583865745053,-5340.642525456537,,,,1083.0,95.024
4119,2,96,129.583865745053,-5339.642525456537,,,,1082.0,95.006
4120,2,97,130.583865745053,-5338.642525456537,,,,1079.0,94.99
4121,2,98,131.583865745053,-5337.642525456537,,,,1076.0,94.97
4122,2,99,132.583865745053,-5336.642525456537,,,,1073.0,94.954
4123,2,100,133.583865745053,-5335.642525456537,,,,1071.0,94.935
4124,2,101,134.583865745053,-5334.642525456537,,,,1069.0,94.916
4125,2,102,135.583865745053,-5333.642525456537,,,,1067.0,94.897
4126,2,103,136.583865745053,-5332.642525456537,,,,1065.0,94.877
4127,2,104,137.583865745053,-5331.642525456537,,,,1064.0,94.859
4128,2,105,138.583865745053,-5330.642525456537,,,,1062.0,94.839
4129,2,106,139.583865745053,-5329.642525456537,,,,1060.0,94.819
4130,2,107,140.583865745053,-5328.642525456537,,,,1058.0,94.801
4131,2,108,141.583865745053,-5327.642525456537,,,,1057.0,94.782
4132,2,109,142.583865745053,-5326.642525456537,,,,1056.0,94.764
4133,2,110,143.583865745053,-5325.642525456537,,,,1056.0,94.745
4134,2,111,144.583865745053,-5324.642525456537,,,,1054.0,94.728
4135,2,112,145.583865745053,-5323.642525456537,,,,1054.0,94.712
4136,2,113,146.583865745053,-5322.642525456537,,,,1053.0,94.694
4137,2,114,147.583865745053,-5321.642525456537,,,,1051.0,94.677
4138,2,115,148.583865745053,-5320.642525456537,,,,1051.0,94.659
4139,2,116,149.583865745053,-5319.642525456537,,,,1050.0,94.641
4140,2,117,150.583865745053,-5318.642525456537,,,,1050.0,94.622
4141,2,118,151.583865745053,-5317.642525456537,,,,1049.0,94.607
4142,2,119,152.583865745053,-5316.642525456537,,,,1049.0,94.589
4143,2,120,153.583865745053,-5315.642525456537,,,,1048.0,94.574
4144,2,121,154.583865745053,-5314.642525456537,,,,1047.0,94.559
4145,2,122,155.583865745053,-5313.642525456537,,,,1045.0,94.542
4146,2,123,156.583865745053,-5312.642525456537,,,,1044.0,94.526
4147,2,124,157.583865745053,-5311.642525456537,,,,1043.0,94.509
4148,2,125,158.583865745053,-5310.642525456537,,,,1041.0,94.493
4149,2,126,159.583865745053,-5309.642525456537,,,,1039.0,94.475
4150,2,127,160.583865745053,-5308.642525456537,,,,1037.0,94.457
4151,2,128,161.583865745053,-5307.642525456537,,,,1035.0,94.441
4152,2,129,162.583865745053,-5306.642525456537,,,,1035.0,94.425
4153,2,130,163.583865745053,-5305.642525456537,,,,1034.0,94.41
4154,2,131,164.583865745053,-5304.642525456537,,,,1033.0,94.394
4155,2,132,165.583865745053,-5303.642525456537,,,,1032.0,94.378
4156,2,133,166.583865745053,-5302.642525456537,,,,1030.0,94.363
4157,2,134,167.583865745053,-5301.642525456537,,,,1027.0,94.348
4158,2,135,168.583865745053,-5300.642525456537,,,,1024.0,94.332
4159,2,136,169.583865745053,-5299.642525456537,,,,1020.0,94.314
4160,2,137,170.583865745053,-5298.642525456537,,,,1018.0,94.298
4161,2,138,171.583865745053,-5297.642525456537,,,,1015.0,94.28
4162,2,139,172.583865745053,-5296.642525456537,,,,1013.0,94.262
4163,2,140,173.583865745053,-5295.642525456537,,,,1011.0,94.246
4164,2,141,174.583865745053,-5294.642525456537,,,,1009.0,94.23
4165,2,142,175.583865745053,-5293.642525456537,,,,1007.0,94.212
4166,2,143,176.583865745053,-5292.642525456537,,,,1006.0,94.196
4167,2,144,177.583865745053,-5291.642525456537,,,,1004.0,94.18
4168,2,145,178.583865745053,-5290.642525456537,,,,1002.0,94.162
4169,2,146,179.583865745053,-5289.642525456537,,,,1001.0,94.145
4170,2,147,180.583865745053,-5288.642525456537,,,,1000.0,94.128
4171,2,148,181.583865745053,-5287.642525456537,,,,998.0,94.112
4172,2,149,182.583865745053,-5286.642525456537,,,,995.0,94.096
4173,2,150,183.583865745053,-5285.642525456537,,,,993.0,94.078
4174,2,151,184.583865745053,-5284.642525456537,,,,991.0,94.063
4175,2,152,185.583865745053,-5283.642525456537,,,,988.0,94.047
4176,2,153,186.583865745053,-5282.642525456537,,,,987.0,94.031
4177,2,154,187.583865745053,-5281.642525456537,,,,986.0,94.014
4178,2,155,188.583865745053,-5280.642525456537,,,,984.0,93.997
4179,2,156,189.583865745053,-5279.642525456537,,,,983.0,93.98
4180,2,157,190.583865745053,-5278.642525456537,,,,982.0,93.962
4181,2,158,191.583865745053,-5277.642525456537,,,,981.0,93.945
4182,2,159,192.583865745053,-5276.642525456537,,,,979.0,93.927
4183,2,160,193.583865745053,-5275.642525456537,,,,978.0,93.909
4184,2,161,194.583865745053,-5274.642525456537,,,,978.0,93.891
4185,2,162,195.583865745053,-5273.642525456537,,,,978.0,93.874
4186,2,163,196.583865745053,-5272.642525456537,,,,978.0,93.856
4187,2,164,197.583865745053,-5271.642525456537,,,,978.0,93.838
4188,2,165,198.583865745053,-5270.642525456537,,,,979.0,93.821
4189,2,166,199.583865745053,-5269.642525456537,,,,979.0,93.804
4190,2,167,200.583865745053,-5268.642525456537,,,,978.0,93.785
4191,2,168,201.583865745053,-5267.642525456537,,,,977.0,93.768
4192,2,169,202.583865745053,-5266.642525456537,,,,977.0,93.752
4193,2,170,203.583865745053,-5265.642525456537,,,,977.0,93.734
4194,2,171,204.583865745053,-5264.642525456537,,,,978.0,93.717
4195,2,172,205.583865745053,-5263.642525456537,,,,977.0,93.701
4196,2,173,206.583865745053,-5262.642525456537,,,,978.0,93.685
4197,2,174,207.583865745053,-5261.642525456537,,,,978.0,93.666
4198,2,175,208.583865745053,-5260.642525456537,,,,978.0,93.648
4199,2,176,209.583865745053,-5259.642525456537,,,,977.0,93.632
4200,2,177,210.583865745053,-5258.642525456537,,,,977.0,93.613
4201,2,178,211.583865745053,-5257.642525456537,,,,977.0,93.596
4202,2,179,212.583865745053,-5256.642525456537,,,,978.0,93.577
4203,2,180,213.583865745053,-5255.642525456537,,,,978.0,93.558
4204,2,181,214.583865745053,-5254.642525456537,,,,979.0,93.54
4205,2,182,215.583865745053,-5253.642525456537,,,,980.0,93.523
4206,2,183,216.583865745053,-5252.642525456537,,,,981.0,93.507
4207,2,184,217.583865745053,-5251.642525456537,,,,982.0,93.493
4208,2,185,218.583865745053,-5250.642525456537,,,,981.0,93.479
4209,2,186,219.583865745053,-5249.642525456537,,,,980.0,93.461
4210,2,187,220.583865745053,-5248.642525456537,,,,981.0,93.445
4211,2,188,221.583865745053,-5247.642525456537,,,,984.0,93.428
4212,2,189,222.583865745053,-5246.642525456537,,,,985.0,93.41
4213,2,190,223.583865745053,-5245.642525456537,,,,986.0,93.395
4214,2,191,224.583865745053,-5244.642525456537,,,,987.0,93.38
4215,2,192,225.583865745053,-5243.642525456537,,,,988.0,93.367
4216,2,193,226.583865745053,-5242.642525456537,,,,989.0,93.352
4217,2,194,227.583865745053,-5241.642525456537,,,,990.0,93.336
4218,2,195,228.583865745053,-5240.642525456537,,,,991.0,93.32
4219,2,196,229.583865745053,-5239.642525456537,,,,991.0,93.304
4220,2,197,230.583865745053,-5238.642525456537,,,,989.0,93.288
4221,2,198,231.583865745053,-5237.642525456537,,,,986.0,93.271
4222,2,199,232.583865745053,-5236.642525456537,,,,984.0,93.253
4223,2,200,233.583865745053,-5235.642525456537,,,,984.0,93.234
4224,2,201,234.583865745053,-5234.642525456537,,,,979.0,93.215
4225,2,202,235.583865745053,-5233.642525456537,,,,977.0,93.194
4226,2,203,236.583865745053,-5232.642525456537,,,,975.0,93.176
4227,2,204,237.583865745053,-5231.642525456537,,,,972.0,93.156
4228,2,205,238.583865745053,-5230.642525456537,,,,957.0,93.137
4229,2,206,239.583865745053,-5229.642525456537,,,,972.0,93.12
4230,2,207,240.583865745053,-5228.642525456537,,,,968.0,93.1
4231,2,208,241.583865745053,-5227.642525456537,,,,964.0,93.082
4232,2,209,242.583865745053,-5226.642525456537,,,,962.0,93.065
4233,2,210,243.583865745053,-5225.642525456537,,,,959.0,93.045
4234,2,211,244.583865745053,-5224.642525456537,,,,958.0,93.027
4235,2,212,245.583865745053,-5223.642525456537,,,,956.0,93.009
4236,2,213,246.583865745053,-5222.642525456537,,,,955.0,92.99
4237,2,214,247.583865745053,-5221.642525456537,,,,954.0,92.972
4238,2,215,248.583865745053,-5220.642525456537,,,,952.0,92.951
4239,2,216,249.583865745053,-5219.642525456537,,,,947.0,92.932
4240,2,217,250.583865745053,-5218.642525456537,,,,945.0,92.913
4241,2,218,251.583865745053,-5217.642525456537,,,,941.0,92.892
4242,2,219,252.583865745053,-5216.642525456537,,,,938.0,92.872
4243,2,220,253.583865745053,-5215.642525456537,,,,936.0,92.852
4244,2,221,254.583865745053,-5214.642525456537,,,,935.0,92.832
4245,2,222,255.583865745053,-5213.642525456537,,,,934.0,92.813
4246,2,223,256.583865745053,-5212.642525456537,,,,934.0,92.796
4247,2,224,257.583865745053,-5211.642525456537,,,,935.0,92.778
4248,2,225,258.583865745053,-5210.642525456537,,,,936.0,92.762
4249,2,226,259.583865745053,-5209.642525456537,,,,935.0,92.746
4250,2,227,260.583865745053,-5208.642525456537,,,,933.0,92.73
4251,2,228,261.583865745053,-5207.642525456537,,,,932.0,92.712
4252,2,229,262.583865745053,-5206.642525456537,,,,932.0,92.694
4253,2,230,263.583865745053,-5205.642525456537,,,,930.0,92.675
4254,2,231,264.583865745053,-5204.642525456537,,,,929.0,92.655
4255,2,232,265.583865745053,-5203.642525456537,,,,927.0,92.634
4256,2,233,266.583865745053,-5202.642525456537,,,,928.0,92.616
4257,2,234,267.583865745053,-5201.642525456537,,,,929.0,92.597
4258,2,235,268.583865745053,-5200.642525456537,,,,930.0,92.58
4259,2,236,269.583865745053,-5199.642525456537,,,,928.0,92.563
4260,2,237,270.583865745053,-5198.642525456537,,,,926.0,92.547
4261,2,238,271.583865745053,-5197.642525456537,,,,924.0,92.53
4262,2,239,272.583865745053,-5196.642525456537,,,,921.0,92.512
4263,2,240,273.583865745053,-5195.642525456537,,,,919.0,92.494
4264,2,241,274.583865745053,-5194.642525456537,,,,917.0,92.475
4265,2,242,275.583865745053,-5193.642525456537,,,,914.0,92.458
4266,2,243,276.583865745053,-5192.642525456537,,,,913.0,92.439
4267,2,244,277.583865745053,-5191.642525456537,,,,912.0,92.421
4268,2,245,278.583865745053,-5190.642525456537,,,,910.0,92.403
4269,2,246,279.583865745053,-5189.642525456537,,,,909.0,92.386
4270,2,247,280.583865745053,-5188.642525456537,,,,909.0,92.37
4271,2,248,281.583865745053,-5187.642525456537,,,,909.0,92.354
4272,2,249,282.583865745053,-5186.642525456537,,,,908.0,92.339
4273,2,250,283.583865745053,-5185.642525456537,,,,904.0,92.324
4274,2,251,284.583865745053,-5184.642525456537,,,,907.0,92.308
4275,2,252,285.583865745053,-5183.642525456537,,,,906.0,92.294
4276,2,253,286.583865745053,-5182.642525456537,,,,904.0,92.277
4277,2,254,287.583865745053,-5181.642525456537,,,,901.0,92.262
4278,2,255,288.583865745053,-5180.642525456537,,,,899.0,92.244
4279,2,256,289.583865745053,-5179.642525456537,,,,898.0,92.228
4280,2,257,290.583865745053,-5178.642525456537,,,,897.0,92.211
4281,2,258,291.583865745053,-5177.642525456537,,,,896.0,92.193
4282,2,259,292.583865745053,-5176.642525456537,,,,894.0,92.175
4283,2,260,293.583865745053,-5175.642525456537,,,,894.0,92.158
4284,2,261,294.583865745053,-5174.642525456537,,,,893.0,92.139
4285,2,262,295.583865745053,-5173.642525456537,,,,893.0,92.121
4286,2,263,296.583865745053,-5172.642525456537,,,,894.0,92.105
4287,2,264,297.583865745053,-5171.642525456537,,,,895.0,92.089
4288,2,265,298.583865745053,-5170.642525456537,,,,894.0,92.074
4289,2,266,299.583865745053,-5169.642525456537,,,,895.0,92.057
4290,2,267,300.583865745053,-5168.642525456537,,,,894.0,92.039
4291,2,268,301.583865745053,-5167.642525456537,,,,893.0,92.021
4292,2,269,302.583865745053,-5166.642525456537,,,,892.0,92.002
4293,2,270,303.583865745053,-5165.642525456537,,,,892.0,91.984
4294,2,271,304.583865745053,-5164.642525456537,,,,892.0,91.967
4295,2,272,305.583865745053,-5163.642525456537,,,,892.0,91.951
4296,2,273,306.583865745053,-5162.642525456537,,,,890.0,91.934
4297,2,274,307.583865745053,-5161.642525456537,,,,889.0,91.919
4298,2,275,308.583865745053,-5160.642525456537,,,,885.0,91.9
4299,2,276,309.583865745053,-5159.642525456537,,,,883.0,91.882
4300,2,277,310.583865745053,-5158.642525456537,,,,880.0,91.864
4301,2,278,311.583865745053,-5157.642525456537,,,,877.0,91.846
4302,2,279,312.583865745053,-5156.642525456537,,,,875.0,91.828
4303,2,280,313.583865745053,-5155.642525456537,,,,875.0,91.81
4304,2,281,314.583865745053,-5154.642525456537,,,,874.0,91.793
4305,2,282,315.583865745053,-5153.642525456537,,,,873.0,91.775
4306,2,283,316.583865745053,-5152.642525456537,,,,871.0,91.758
4307,2,284,317.583865745053,-5151.642525456537,,,,868.0,91.74
4308,2,285,318.583865745053,-5150.642525456537,,,,866.0,91.722
4309,2,286,319.583865745053,-5149.642525456537,,,,863.0,91.705
4310,2,287,320.583865745053,-5148.642525456537,,,,860.0,91.688
4311,2,288,321.583865745053,-5147.642525456537,,,,858.0,91.671
4312,2,289,322.583865745053,-5146.642525456537,,,,856.0,91.656
4313,2,290,323.583865745053,-5145.642525456537,,,,855.0,91.639
4314,2,291,324.583865745053,-5144.642525456537,,,,854.0,91.625
4315,2,292,325.583865745053,-5143.642525456537,,,,853.0,91.61
4316,2,293,326.583865745053,-5142.642525456537,,,,850.0,91.594
4317,2,294,327.583865745053,-5141.642525456537,,,,848.0,91.58
4318,2,295,328.583865745053,-5140.642525456537,,,,847.0,91.564
4319,2,296,329.583865745053,-5139.642525456537,,,,846.0,91.55
4320,2,297,330.583865745053,-5138.642525456537,,,,848.0,91.532
4321,2,298,331.583865745053,-5137.642525456537,,,,847.0,91.518
4322,2,299,332.583865745053,-5136.642525456537,,,,847.0,91.502
4323,2,300,333.583865745053,-5135.642525456537,,,,848.0,91.486
4324,2,301,334.583865745053,-5134.642525456537,,,,848.0,91.472
4325,2,302,335.583865745053,-5133.642525456537,,,,849.0,91.456
4326,2,303,336.583865745053,-5132.642525456537,,,,848.0,91.441
4327,2,304,337.583865745053,-5131.642525456537,,,,848.0,91.425
4328,2,305,338.583865745053,-5130.642525456537,,,,848.0,91.41
4329,2,306,339.583865745053,-5129.642525456537,,,,846.0,91.394
4330,2,307,340.583865745053,-5128.642525456537,,,,846.0,91.378
4331,2,308,341.583865745053,-5127.642525456537,,,,846.0,91.364
4332,2,309,342.583865745053,-5126.642525456537,,,,845.0,91.346
4333,2,310,343.583865745053,-5125.642525456537,,,,846.0,91.329
4334,2,311,344.583865745053,-5124.642525456537,,,,847.0,91.312
4335,2,312,345.583865745053,-5123.642525456537,,,,845.0,91.295
4336,2,313,346.583865745053,-5122.642525456537,,,,845.0,91.278
4337,2,314,347.583865745053,-5121.642525456537,,,,844.0,91.264
4338,2,315,348.583865745053,-5120.642525456537,,,,844.0,91.249
4339,2,316,349.583865745053,-5119.642525456537,,,,842.0,91.233
4340,2,317,350.583865745053,-5118.642525456537,,,,840.0,91.218
4341,2,318,351.583865745053,-5117.642525456537,,,,838.0,91.202
4342,2,319,352.583865745053,-5116.642525456537,,,,835.0,91.188
4343,2,320,353.583865745053,-5115.642525456537,,,,833.0,91.173
4344,2,321,354.583865745053,-5114.642525456537,,,,831.0,91.158
4345,2,322,355.583865745053,-5113.642525456537,,,,830.0,91.141
4346,2,323,356.583865745053,-5112.642525456537,,,,828.0,91.125
4347,2,324,357.583865745053,-5111.642525456537,,,,825.0,91.11
4348,2,325,358.583865745053,-5110.642525456537,,,,823.0,91.095
4349,2,326,359.583865745053,-5109.642525456537,,,,821.0,91.078
4350,2,327,360.583865745053,-5108.642525456537,,,,818.0,91.062
4351,2,328,361.583865745053,-5107.642525456537,,,,815.0,91.044
4352,2,329,362.583865745053,-5106.642525456537,,,,811.0,91.026
4353,2,330,363.583865745053,-5105.642525456537,,,,807.0,91.007
4354,2,331,364.583865745053,-5104.642525456537,,,,805.0,90.989
4355,2,332,365.583865745053,-5103.642525456537,,,,801.0,90.97
4356,2,333,366.583865745053,-5102.642525456537,,,,800.0,90.953
4357,2,334,367.583865745053,-5101.642525456537,,,,800.0,90.936
4358,2,335,368.583865745053,-5100.642525456537,,,,798.0,90.919
4359,2,336,369.583865745053,-5099.642525456537,,,,797.0,90.904
4360,2,337,370.583865745053,-5098.642525456537,,,,796.0,90.887
4361,2,338,371.583865745053,-5097.642525456537,,,,795.0,90.871
4362,2,339,372.583865745053,-5096.642525456537,,,,794.0,90.856
4363,2,340,373.583865745053,-5095.642525456537,,,,792.0,90.839
4364,2,341,374.583865745053,-5094.642525456537,,,,790.0,90.821
4365,2,342,375.583865745053,-5093.642525456537,,,,787.0,90.804
4366,2,343,376.583865745053,-5092.642525456537,,,,786.0,90.785
4367,2,344,377.583865745053,-5091.642525456537,,,,784.0,90.766
4368,2,345,378.583865745053,-5090.642525456537,,,,783.0,90.749
4369,2,346,379.583865745053,-5089.642525456537,,,,782.0,90.73
4370,2,347,380.583865745053,-5088.642525456537,,,,780.0,90.713
4371,2,348,381.583865745053,-5087.642525456537,,,,779.0,90.697
4372,2,349,382.583865745053,-5086.642525456537,,,,778.0,90.68
4373,2,350,383.583865745053,-5085.642525456537,,,,777.0,90.664
4374,2,351,384.583865745053,-5084.642525456537,,,,775.0,90.648
4375,2,352,385.583865745053,-5083.642525456537,,,,773.0,90.63
4376,2,353,386.583865745053,-5082.642525456537,,,,770.0,90.611
4377,2,354,387.583865745053,-5081.642525456537,,,,768.0,90.593
4378,2,355,388.583865745053,-5080.642525456537,,,,765.0,90.573
4379,2,356,389.583865745053,-5079.642525456537,,,,763.0,90.556
4380,2,357,390.583865745053,-5078.642525456537,,,,761.0,90.538
4381,2,358,391.583865745053,-5077.642525456537,,,,760.0,90.52
4382,2,359,392.583865745053,-5076.642525456537,,,,758.0,90.502
4383,2,360,393.583865745053,-5075.642525456537,,,,756.0,90.485
4384,2,361,394.583865745053,-5074.642525456537,,,,755.0,90.466
4385,2,362,395.583865745053,-5073.642525456537,,,,754.0,90.448
4386,2,363,396.583865745053,-5072.642525456537,,,,752.0,90.432
4387,2,364,397.583865745053,-5071.642525456537,,,,750.0,90.415
4388,2,365,398.583865745053,-5070.642525456537,,,,749.0,90.397
4389,2,366,399.583865745053,-5069.642525456537,,,,747.0,90.381
4390,2,367,400.583865745053,-5068.642525456537,,,,745.0,90.364
4391,2,368,401.583865745053,-5067.642525456537,,,,742.0,90.348
4392,2,369,402.583865745053,-5066.642525456537,,,,739.0,90.33
4393,2,370,403.583865745053,-5065.642525456537,,,,737.0,90.313
4394,2,371,404.583865745053,-5064.642525456537,,,,735.0,90.295
4395,2,372,405.583865745053,-5063.642525456537,,,,732.0,90.278
4396,2,373,406.583865745053,-5062.642525456537,,,,730.0,90.261
4397,2,374,407.583865745053,-5061.642525456537,,,,728.0,90.243
4398,2,375,408.583865745053,-5060.642525456537,,,,726.0,90.226
4399,2,376,409.583865745053,-5059.642525456537,,,,723.0,90.21
4400,2,377,410.583865745053,-5058.642525456537,,,,721.0,90.193
4401,2,378,411.583865745053,-5057.642525456537,,,,718.0,90.176
4402,2,379,412.583865745053,-5056.642525456537,,,,716.0,90.159
4403,2,380,413.583865745053,-5055.642525456537,,,,713.0,90.14
4404,2,381,414.583865745053,-5054.642525456537,,,,710.0,90.125
4405,2,382,415.583865745053,-5053.642525456537,,,,707.0,90.106
4406,2,383,416.583865745053,-5052.642525456537,,,,705.0,90.088
4407,2,384,417.583865745053,-5051.642525456537,,,,703.0,90.07
4408,2,385,418.583865745053,-5050.642525456537,,,,701.0,90.054
4409,2,386,419.583865745053,-5049.642525456537,,,,698.0,90.036
4410,2,387,420.583865745053,-5048.642525456537,,,,695.0,90.019
4411,2,388,421.583865745053,-5047.642525456537,,,,692.0,90.002
4412,2,389,422.583865745053,-5046.642525456537,,,,690.0,89.983
4413,2,390,423.583865745053,-5045.642525456537,,,,687.0,89.965
4414,2,391,424.583865745053,-5044.642525456537,,,,682.0,89.949
4415,2,392,425.583865745053,-5043.642525456537,,,,681.0,89.928
4416,2,393,426.583865745053,-5042.642525456537,,,,679.0,89.909
4417,2,394,427.583865745053,-5041.642525456537,,,,679.0,89.89
4418,2,395,428.583865745053,-5040.642525456537,,,,679.0,89.874
4419,2,396,429.583865745053,-5039.642525456537,,,,679.0,89.856
4420,2,397,430.583865745053,-5038.642525456537,,,,678.0,89.838
4421,2,398,431.583865745053,-5037.642525456537,,,,678.0,89.821
4422,2,399,432.583865745053,-5036.642525456537,,,,676.0,89.804
4423,2,400,433.583865745053,-5035.642525456537,,,,676.0,89.784
4424,2,401,434.583865745053,-5034.642525456537,,,,675.0,89.764
4425,2,402,435.583865745053,-5033.642525456537,,,,673.0,89.746
4426,2,403,436.583865745053,-5032.642525456537,,,,672.0,89.728
4427,2,404,437.583865745053,-5031.642525456537,,,,672.0,89.712
4428,2,405,438.583865745053,-5030.642525456537,,,,671.0,89.694
4429,2,406,439.583865745053,-5029.642525456537,,,,672.0,89.677
4430,2,407,440.583865745053,-5028.642525456537,,,,671.0,89.659
4431,2,408,441.583865745053,-5027.642525456537,,,,670.0,89.641
4432,2,409,442.583865745053,-5026.642525456537,,,,668.0,89.625
4433,2,410,443.583865745053,-5025.642525456537,,,,667.0,89.608
4434,2,411,444.583865745053,-5024.642525456537,,,,665.0,89.59
4435,2,412,445.583865745053,-5023.642525456537,,,,665.0,89.573
4436,2,413,446.583865745053,-5022.642525456537,,,,665.0,89.555
4437,2,414,447.583865745053,-5021.642525456537,,,,665.0,89.539
4438,2,415,448.583865745053,-5020.642525456537,,,,665.0,89.524
4439,2,416,449.583865745053,-5019.642525456537,,,,665.0,89.508
4440,2,417,450.583865745053,-5018.642525456537,,,,663.0,89.494
4441,2,418,451.583865745053,-5017.642525456537,,,,662.0,89.479
4442,2,419,452.583865745053,-5016.642525456537,,,,661.0,89.463
4443,2,420,453.583865745053,-5015.642525456537,,,,660.0,89.449
4444,2,421,454.583865745053,-5014.642525456537,,,,658.0,89.435
4445,2,422,455.583865745053,-5013.642525456537,,,,656.0,89.42
4446,2,423,456.583865745053,-5012.642525456537,,,,653.0,89.405
4447,2,424,457.583865745053,-5011.642525456537,,,,651.0,89.388
4448,2,425,458.583865745053,-5010.642525456537,,,,649.0,89.372
4449,2,426,459.583865745053,-5009.642525456537,,,,648.0,89.358
4450,2,427,460.583865745053,-5008.642525456537,,,,646.0,89.341
4451,2,428,461.583865745053,-5007.642525456537,,,,644.0,89.325
4452,2,429,462.583865745053,-5006.642525456537,,,,643.0,89.311
4453,2,430,463.583865745053,-5005.642525456537,,,,642.0,89.297
4454,2,431,464.583865745053,-5004.642525456537,,,,642.0,89.285
4455,2,432,465.583865745053,-5003.642525456537,,,,641.0,89.272
4456,2,433,466.583865745053,-5002.642525456537,,,,641.0,89.261
4457,2,434,467.583865745053,-5001.642525456537,,,,641.0,89.25
4458,2,435,468.583865745053,-5000.642525456537,,,,641.0,89.24
4459,2,436,469.583865745053,-4999.642525456537,,,,640.0,89.23
4460,2,437,470.583865745053,-4998.642525456537,,,,640.0,89.217
4461,2,438,471.583865745053,-4997.642525456537,,,,639.0,89.207
4462,2,439,472.583865745053,-4996.642525456537,,,,638.0,89.196
4463,2,440,473.583865745053,-4995.642525456537,,,,638.0,89.184
4464,2,441,474.583865745053,-4994.642525456537,,,,637.0,89.175
4465,2,442,475.583865745053,-4993.642525456537,,,,636.0,89.168
4466,2,443,476.583865745053,-4992.642525456537,,,,636.0,89.165
4584,2,561,594.583865745053,-4874.642525456537,,,,587.0,89.153
4585,2,562,595.583865745053,-4873.642525456537,,,,589.0,89.138
4586,2,563,596.583865745053,-4872.642525456537,,,,591.0,89.126
4587,2,564,597.583865745053,-4871.642525456537,,,,594.0,89.113
4588,2,565,598.583865745053,-4870.642525456537,,,,597.0,89.103
4589,2,566,599.583865745053,-4869.642525456537,,,,599.0,89.094
4590,2,567,600.583865745053,-4868.642525456537,,,,602.0,89.086
4591,2,568,601.583865745053,-4867.642525456537,,,,604.0,89.08
4592,2,569,602.583865745053,-4866.642525456537,,,,606.0,89.078
5185,2,1162,1195.583865745053,-4273.642525456537,,,,807.0,89.077
5186,2,1163,1196.583865745053,-4272.642525456537,,,,804.0,89.062
5187,2,1164,1197.583865745053,-4271.642525456537,,,,803.0,89.046
5188,2,1165,1198.583865745053,-4270.642525456537,,,,802.0,89.032
5189,2,1166,1199.583865745053,-4269.642525456537,,,,802.0,89.018
5190,2,1167,1200.583865745053,-4268.642525456537,,,,803.0,89.004
5191,2,1168,1201.583865745053,-4267.642525456537,,,,802.0,88.99
5192,2,1169,1202.583865745053,-4266.642525456537,,,,799.0,88.976
5193,2,1170,1203.583865745053,-4265.642525456537,,,,795.0,88.963
5194,2,1171,1204.583865745053,-4264.642525456537,,,,791.0,88.945
5195,2,1172,1205.583865745053,-4263.642525456537,,,,787.0,88.924
5196,2,1173,1206.583865745053,-4262.642525456537,,,,784.0,88.903
5197,2,1174,1207.583865745053,-4261.642525456537,,,,782.0,88.883
5198,2,1175,1208.583865745053,-4260.642525456537,,,,782.0,88.864
5199,2,1176,1209.583865745053,-4259.642525456537,,,,783.0,88.846
5200,2,1177,1210.583865745053,-4258.642525456537,,,,784.0,88.829
5201,2,1178,1211.583865745053,-4257.642525456537,,,,783.0,88.812
5202,2,1179,1212.583865745053,-4256.642525456537,,,,783.0,88.796
5203,2,1180,1213.583865745053,-4255.642525456537,,,,787.0,88.78
5204,2,1181,1214.583865745053,-4254.642525456537,,,,788.0,88.764
5205,2,1182,1215.583865745053,-4253.642525456537,,,,789.0,88.75
5206,2,1183,1216.583865745053,-4252.642525456537,,,,788.0,88.735
5207,2,1184,1217.583865745053,-4251.642525456537,,,,790.0,88.72
5208,2,1185,1218.583865745053,-4250.642525456537,,,,790.0,88.708
5209,2,1186,1219.583865745053,-4249.642525456537,,,,790.0,88.693
5210,2,1187,1220.583865745053,-4248.642525456537,,,,793.0,88.681
5211,2,1188,1221.583865745053,-4247.642525456537,,,,793.0,88.669
5212,2,1189,1222.583865745053,-4246.642525456537,,,,794.0,88.656
5213,2,1190,1223.583865745053,-4245.642525456537,,,,794.0,88.643
5214,2,1191,1224.583865745053,-4244.642525456537,,,,796.0,88.632
5215,2,1192,1225.583865745053,-4243.642525456537,,,,799.0,88.619
5216,2,1193,1226.583865745053,-4242.642525456537,,,,801.0,88.606
5217,2,1194,1227.583865745053,-4241.642525456537,,,,804.0,88.592
5218,2,1195,1228.583865745053,-4240.642525456537,,,,807.0,88.577
5219,2,1196,1229.583865745053,-4239.642525456537,,,,807.0,88.562
5220,2,1197,1230.583865745053,-4238.642525456537,,,,807.0,88.55
5221,2,1198,1231.583865745053,-4237.642525456537,,,,806.0,88.542
5222,2,1199,1232.583865745053,-4236.642525456537,,,,807.0,88.538
5223,2,1200,1233.583865745053,-4235.642525456537,,,,810.0,88.537
5443,2,1420,1453.583865745053,-4015.642525456537,,,,1016.0,88.529
5444,2,1421,1454.583865745053,-4014.642525456537,,,,1015.0,88.519
5445,2,1422,1455.583865745053,-4013.642525456537,,,,1013.0,88.508
5446,2,1423,1456.583865745053,-4012.642525456537,,,,1012.0,88.498
5447,2,1424,1457.583865745053,-4011.642525456537,,,,1010.0,88.489
5448,2,1425,1458.583865745053,-4010.642525456537,,,,1008.0,88.477
5449,2,1426,1459.583865745053,-4009.642525456537,,,,1005.0,88.466
5450,2,1427,1460.583865745053,-4008.642525456537,,,,1003.0,88.455
5451,2,1428,1461.583865745053,-4007.642525456537,,,,1002.0,88.442
5452,2,1429,1462.583865745053,-4006.642525456537,,,,1001.0,88.428
5453,2,1430,1463.583865745053,-4005.642525456537,,,,1000.0,88.414
5454,2,1431,1464.583865745053,-4004.642525456537,,,,998.0,88.401
5455,2,1432,1465.583865745053,-4003.642525456537,,,,996.0,88.387
5456,2,1433,1466.583865745053,-4002.642525456537,,,,994.0,88.373
5457,2,1434,1467.583865745053,-4001.642525456537,,,,992.0,88.36
5458,2,1435,1468.583865745053,-4000.642525456537,,,,991.0,88.348
5459,2,1436,1469.583865745053,-3999.642525456537,,,,991.0,88.334
5460,2,1437,1470.583865745053,-3998.642525456537,,,,989.0,88.321
5461,2,1438,1471.583865745053,-3997.642525456537,,,,987.0,88.306
5462,2,1439,1472.583865745053,-3996.642525456537,,,,983.0,88.29
5463,2,1440,1473.583865745053,-3995.642525456537,,,,981.0,88.276
5464,2,1441,1474.583865745053,-3994.642525456537,,,,979.0,88.262
5465,2,1442,1475.583865745053,-3993.642525456537,,,,976.0,88.247
5466,2,1443,1476.583865745053,-3992.642525456537,,,,974.0,88.233
5467,2,1444,1477.583865745053,-3991.642525456537,,,,971.0,88.218
5468,2,1445,1478.583865745053,-3990.642525456537,,,,969.0,88.203
5469,2,1446,1479.583865745053,-3989.642525456537,,,,965.0,88.188
5470,2,1447,1480.583865745053,-3988.642525456537,,,,965.0,88.171
5471,2,1448,1481.583865745053,-3987.642525456537,,,,964.0,88.158
5472,2,1449,1482.583865745053,-3986.642525456537,,,,963.0,88.145
5473,2,1450,1483.583865745053,-3985.642525456537,,,,961.0,88.133
5474,2,1451,1484.583865745053,-3984.642525456537,,,,959.0,88.119
5475,2,1452,1485.583865745053,-3983.642525456537,,,,955.0,88.103
5476,2,1453,1486.583865745053,-3982.642525456537,,,,951.0,88.088
5477,2,1454,1487.583865745053,-3981.642525456537,,,,948.0,88.071
5478,2,1455,1488.583865745053,-3980.642525456537,,,,945.0,88.055
5479,2,1456,1489.583865745053,-3979.642525456537,,,,941.0,88.039
5480,2,1457,1490.583865745053,-3978.642525456537,,,,939.0,88.022
5481,2,1458,1491.583865745053,-3977.642525456537,,,,935.0,88.006
5482,2,1459,1492.583865745053,-3976.642525456537,,,,931.0,87.99
5483,2,1460,1493.583865745053,-3975.642525456537,,,,926.0,87.974
5484,2,1461,1494.583865745053,-3974.642525456537,,,,922.0,87.958
5485,2,1462,1495.583865745053,-3973.642525456537,,,,918.0,87.941
5486,2,1463,1496.583865745053,-3972.642525456537,,,,915.0,87.926
5487,2,1464,1497.583865745053,-3971.642525456537,,,,912.0,87.91
5488,2,1465,1498.583865745053,-3970.642525456537,,,,910.0,87.894
5489,2,1466,1499.583865745053,-3969.642525456537,,,,906.0,87.879
5490,2,1467,1500.583865745053,-3968.642525456537,,,,903.0,87.864
5491,2,1468,1501.583865745053,-3967.642525456537,,,,900.0,87.848
5492,2,1469,1502.583865745053,-3966.642525456537,,,,896.0,87.833
5493,2,1470,1503.583865745053,-3965.642525456537,,,,893.0,87.817
5494,2,1471,1504.583865745053,-3964.642525456537,,,,890.0,87.803
5495,2,1472,1505.583865745053,-3963.642525456537,,,,887.0,87.789
5496,2,1473,1506.583865745053,-3962.642525456537,,,,884.0,87.773
5497,2,1474,1507.583865745053,-3961.642525456537,,,,878.0,87.759
5498,2,1475,1508.583865745053,-3960.642525456537,,,,876.0,87.746
5499,2,1476,1509.583865745053,-3959.642525456537,,,,872.0,87.731
5500,2,1477,1510.583865745053,-3958.642525456537,,,,869.0,87.718
5501,2,1478,1511.583865745053,-3957.642525456537,,,,866.0,87.704
5502,2,1479,1512.583865745053,-3956.642525456537,,,,866.0,87.69
5503,2,1480,1513.583865745053,-3955.642525456537,,,,864.0,87.674
5504,2,1481,1514.583865745053,-3954.642525456537,,,,862.0,87.658
5505,2,1482,1515.583865745053,-3953.642525456537,,,,861.0,87.641
5506,2,1483,1516.583865745053,-3952.642525456537,,,,860.0,87.624
5507,2,1484,1517.583865745053,-3951.642525456537,,,,859.0,87.609
5508,2,1485,1518.583865745053,-3950.642525456537,,,,858.0,87.593
5509,2,1486,1519.583865745053,-3949.642525456537,,,,855.0,87.577
5510,2,1487,1520.583865745053,-3948.642525456537,,,,854.0,87.563
5511,2,1488,1521.583865745053,-3947.642525456537,,,,852.0,87.548
5512,2,1489,1522.583865745053,-3946.642525456537,,,,850.0,87.532
5513,2,1490,1523.583865745053,-3945.642525456537,,,,847.0,87.517
5514,2,1491,1524.583865745053,-3944.642525456537,,,,843.0,87.5
5515,2,1492,1525.583865745053,-3943.642525456537,,,,841.0,87.484
5516,2,1493,1526.583865745053,-3942.642525456537,,,,839.0,87.468
5517,2,1494,1527.583865745053,-3941.642525456537,,,,838.0,87.453
5518,2,1495,1528.583865745053,-3940.642525456537,,,,837.0,87.438
5519,2,1496,1529.583865745053,-3939.642525456537,,,,837.0,87.423
5520,2,1497,1530.583865745053,-3938.642525456537,,,,835.0,87.407
5521,2,1498,1531.583865745053,-3937.642525456537,,,,834.0,87.393
5522,2,1499,1532.583865745053,-3936.642525456537,,,,832.0,87.377
5523,2,1500,1533.583865745053,-3935.642525456537,,,,831.0,87.362
5524,2,1501,1534.583865745053,-3934.642525456537,,,,830.0,87.348
5525,2,1502,1535.583865745053,-3933.642525456537,,,,830.0,87.334
5526,2,1503,1536.583865745053,-3932.642525456537,,,,830.0,87.319
5527,2,1504,1537.583865745053,-3931.642525456537,,,,829.0,87.304
5528,2,1505,1538.583865745053,-3930.642525456537,,,,829.0,87.29
5529,2,1506,1539.583865745053,-3929.642525456537,,,,828.0,87.275
5530,2,1507,1540.583865745053,-3928.642525456537,,,,827.0,87.262
5531,2,1508,1541.583865745053,-3927.642525456537,,,,826.0,87.248
5532,2,1509,1542.583865745053,-3926.642525456537,,,,824.0,87.233
5533,2,1510,1543.583865745053,-3925.642525456537,,,,822.0,87.217
5534,2,1511,1544.583865745053,-3924.642525456537,,,,821.0,87.201
5535,2,1512,1545.583865745053,-3923.642525456537,,,,819.0,87.184
5536,2,1513,1546.583865745053,-3922.642525456537,,,,818.0,87.167
5537,2,1514,1547.583865745053,-3921.642525456537,,,,818.0,87.15
5538,2,1515,1548.583865745053,-3920.642525456537,,,,817.0,87.131
5539,2,1516,1549.583865745053,-3919.642525456537,,,,817.0,87.114
5540,2,1517,1550.583865745053,-3918.642525456537,,,,816.0,87.098
5541,2,1518,1551.583865745053,-3917.642525456537,,,,815.0,87.082
5542,2,1519,1552.583865745053,-3916.642525456537,,,,814.0,87.065
5543,2,1520,1553.583865745053,-3915.642525456537,,,,813.0,87.049
5544,2,1521,1554.583865745053,-3914.642525456537,,,,810.0,87.034
5545,2,1522,1555.583865745053,-3913.642525456537,,,,809.0,87.02
5546,2,1523,1556.583865745053,-3912.642525456537,,,,807.0,87.006
5547,2,1524,1557.583865745053,-3911.642525456537,,,,807.0,86.995
5548,2,1525,1558.583865745053,-3910.642525456537,,,,806.0,86.985
5549,2,1526,1559.583865745053,-3909.642525456537,,,,804.0,86.976
5550,2,1527,1560.583865745053,-3908.642525456537,,,,795.0,86.967
5551,2,1528,1561.583865745053,-3907.642525456537,,,,795.0,86.956
5552,2,1529,1562.583865745053,-3906.642525456537,,,,793.0,86.946
5553,2,1530,1563.583865745053,-3905.642525456537,,,,790.0,86.936
5554,2,1531,1564.583865745053,-3904.642525456537,,,,788.0,86.926
5555,2,1532,1565.583865745053,-3903.642525456537,,,,787.0,86.918
5556,2,1533,1566.583865745053,-3902.642525456537,,,,786.0,86.908
5557,2,1534,1567.583865745053,-3901.642525456537,,,,782.0,86.899
5558,2,1535,1568.583865745053,-3900.642525456537,,,,778.0,86.891
5559,2,1536,1569.583865745053,-3899.642525456537,,,,776.0,86.885
5560,2,1537,1570.583865745053,-3898.642525456537,,,,773.0,86.875
5561,2,1538,1571.583865745053,-3897.642525456537,,,,769.0,86.866
5562,2,1539,1572.583865745053,-3896.642525456537,,,,766.0,86.856
5563,2,1540,1573.583865745053,-3895.642525456537,,,,766.0,86.845
5564,2,1541,1574.583865745053,-3894.642525456537,,,,764.0,86.834
5565,2,1542,1575.583865745053,-3893.642525456537,,,,761.0,86.824
5566,2,1543,1576.583865745053,-3892.642525456537,,,,759.0,86.812
5567,2,1544,1577.583865745053,-3891.642525456537,,,,758.0,86.803
5568,2,1545,1578.583865745053,-3890.642525456537,,,,756.0,86.793
5569,2,1546,1579.583865745053,-3889.642525456537,,,,754.0,86.784
5570,2,1547,1580.583865745053,-3888.642525456537,,,,752.0,86.774
5571,2,1548,1581.583865745053,-3887.642525456537,,,,749.0,86.764
5572,2,1549,1582.583865745053,-3886.642525456537,,,,746.0,86.755
5573,2,1550,1583.583865745053,-3885.642525456537,,,,743.0,86.746
5574,2,1551,1584.583865745053,-3884.642525456537,,,,741.0,86.736
5575,2,1552,1585.583865745053,-3883.642525456537,,,,738.0,86.728
5576,2,1553,1586.583865745053,-3882.642525456537,,,,736.0,86.719
5577,2,1554,1587.583865745053,-3881.642525456537,,,,734.0,86.711
5578,2,1555,1588.583865745053,-3880.642525456537,,,,731.0,86.703
5579,2,1556,1589.583865745053,-3879.642525456537,,,,728.0,86.695
5580,2,1557,1590.583865745053,-3878.642525456537,,,,724.0,86.685
5581,2,1558,1591.583865745053,-3877.642525456537,,,,720.0,86.678
5582,2,1559,1592.583865745053,-3876.642525456537,,,,719.0,86.671
5583,2,1560,1593.583865745053,-3875.642525456537,,,,716.0,86.663
5584,2,1561,1594.583865745053,-3874.642525456537,,,,714.0,86.654
5585,2,1562,1595.583865745053,-3873.642525456537,,,,711.0,86.646
5586,2,1563,1596.583865745053,-3872.642525456537,,,,709.0,86.638
5587,2,1564,1597.583865745053,-3871.642525456537,,,,707.0,86.629
5588,2,1565,1598.583865745053,-3870.642525456537,,,,704.0,86.619
5589,2,1566,1599.583865745053,-3869.642525456537,,,,702.0,86.609
5590,2,1567,1600.583865745053,-3868.642525456537,,,,700.0,86.598
5591,2,1568,1601.583865745053,-3867.642525456537,,,,698.0,86.588
5592,2,1569,1602.583865745053,-3866.642525456537,,,,695.0,86.577
5593,2,1570,1603.583865745053,-3865.642525456537,,,,693.0,86.567
5594,2,1571,1604.583865745053,-3864.642525456537,,,,690.0,86.558
5595,2,1572,1605.583865745053,-3863.642525456537,,,,689.0,86.55
5596,2,1573,1606.583865745053,-3862.642525456537,,,,687.0,86.544
5597,2,1574,1607.583865745053,-3861.642525456537,,,,686.0,86.537
5598,2,1575,1608.583865745053,-3860.642525456537,,,,686.0,86.528
5599,2,1576,1609.583865745053,-3859.642525456537,,,,681.0,86.518
5600,2,1577,1610.583865745053,-3858.642525456537,,,,681.0,86.508
5601,2,1578,1611.583865745053,-3857.642525456537,,,,680.0,86.498
5602,2,1579,1612.583865745053,-3856.642525456537,,,,680.0,86.487
5603,2,1580,1613.583865745053,-3855.642525456537,,,,679.0,86.478
5604,2,1581,1614.583865745053,-3854.642525456537,,,,678.0,86.468
5605,2,1582,1615.583865745053,-3853.642525456537,,,,676.0,86.457
5606,2,1583,1616.583865745053,-3852.642525456537,,,,675.0,86.446
5607,2,1584,1617.583865745053,-3851.642525456537,,,,672.0,86.437
5608,2,1585,1618.583865745053,-3850.642525456537,,,,670.0,86.428
5609,2,1586,1619.583865745053,-3849.642525456537,,,,670.0,86.42
5610,2,1587,1620.583865745053,-3848.642525456537,,,,669.0,86.413
5611,2,1588,1621.583865745053,-3847.642525456537,,,,667.0,86.406
5612,2,1589,1622.583865745053,-3846.642525456537,,,,665.0,86.4
5613,2,1590,1623.583865745053,-3845.642525456537,,,,664.0,86.394
5614,2,1591,1624.583865745053,-3844.642525456537,,,,662.0,86.387
5615,2,1592,1625.583865745053,-3843.642525456537,,,,660.0,86.38
5616,2,1593,1626.583865745053,-3842.642525456537,,,,658.0,86.373
5617,2,1594,1627.583865745053,-3841.642525456537,,,,655.0,86.364
5618,2,1595,1628.583865745053,-3840.642525456537,,,,653.0,86.354
5619,2,1596,1629.583865745053,-3839.642525456537,,,,649.0,86.343
5620,2,1597,1630.583865745053,-3838.642525456537,,,,648.0,86.333
5621,2,1598,1631.583865745053,-3837.642525456537,,,,649.0,86.323
5622,2,1599,1632.583865745053,-3836.642525456537,,,,647.0,86.316
5623,2,1600,1633.583865745053,-3835.642525456537,,,,645.0,86.31
5624,2,1601,1634.583865745053,-3834.642525456537,,,,642.0,86.303
5625,2,1602,1635.583865745053,-3833.642525456537,,,,640.0,86.295
5626,2,1603,1636.583865745053,-3832.642525456537,,,,637.0,86.29
5627,2,1604,1637.583865745053,-3831.642525456537,,,,636.0,86.281
5628,2,1605,1638.583865745053,-3830.642525456537,,,,635.0,86.273
5629,2,1606,1639.583865745053,-3829.642525456537,,,,633.0,86.264
5630,2,1607,1640.583865745053,-3828.642525456537,,,,632.0,86.255
5631,2,1608,1641.583865745053,-3827.642525456537,,,,631.0,86.245
5632,2,1609,1642.583865745053,-3826.642525456537,,,,629.0,86.237
5633,2,1610,1643.583865745053,-3825.642525456537,,,,627.0,86.227
5634,2,1611,1644.583865745053,-3824.642525456537,,,,626.0,86.218
5635,2,1612,1645.583865745053,-3823.642525456537,,,,625.0,86.209
5636,2,1613,1646.583865745053,-3822.642525456537,,,,624.0,86.201
5637,2,1614,1647.583865745053,-3821.642525456537,,,,622.0,86.192
5638,2,1615,1648.583865745053,-3820.642525456537,,,,621.0,86.185
5639,2,1616,1649.583865745053,-3819.642525456537,,,,620.0,86.177
5640,2,1617,1650.583865745053,-3818.642525456537,,,,618.0,86.168
5641,2,1618,1651.583865745053,-3817.642525456537,,,,616.0,86.161
5642,2,1619,1652.583865745053,-3816.642525456537,,,,615.0,86.152
5643,2,1620,1653.583865745053,-3815.642525456537,,,,614.0,86.143
5644,2,1621,1654.583865745053,-3814.642525456537,,,,612.0,86.135
5645,2,1622,1655.583865745053,-3813.642525456537,,,,610.0,86.125
5646,2,1623,1656.583865745053,-3812.642525456537,,,,608.0,86.114
5647,2,1624,1657.583865745053,-3811.642525456537,,,,606.0,86.105
5648,2,1625,1658.583865745053,-3810.642525456537,,,,604.0,86.094
5649,2,1626,1659.583865745053,-3809.642525456537,,,,604.0,86.084
5650,2,1627,1660.583865745053,-3808.642525456537,,,,604.0,86.074
5651,2,1628,1661.583865745053,-3807.642525456537,,,,604.0,86.065
5652,2,1629,1662.583865745053,-3806.642525456537,,,,604.0,86.055
5653,2,1630,1663.583865745053,-3805.642525456537,,,,603.0,86.046
5654,2,1631,1664.583865745053,-3804.642525456537,,,,602.0,86.036
5655,2,1632,1665.583865745053,-3803.642525456537,,,,601.0,86.026
5656,2,1633,1666.583865745053,-3802.642525456537,,,,599.0,86.016
5657,2,1634,1667.583865745053,-3801.642525456537,,,,598.0,86.009
5658,2,1635,1668.583865745053,-3800.642525456537,,,,597.0,86.003
5659,2,1636,1669.583865745053,-3799.642525456537,,,,596.0,85.998
5660,2,1637,1670.583865745053,-3798.642525456537,,,,595.0,85.994
5661,2,1638,1671.583865745053,-3797.642525456537,,,,595.0,85.99
5662,2,1639,1672.583865745053,-3796.642525456537,,,,594.0,85.984
5663,2,1640,1673.583865745053,-3795.642525456537,,,,592.0,85.976
5664,2,1641,1674.583865745053,-3794.642525456537,,,,592.0,85.967
5665,2,1642,1675.583865745053,-3793.642525456537,,,,590.0,85.958
5666,2,1643,1676.583865745053,-3792.642525456537,,,,589.0,85.947
5667,2,1644,1677.583865745053,-3791.642525456537,,,,586.0,85.936
5668,2,1645,1678.583865745053,-3790.642525456537,,,,585.0,85.926
5669,2,1646,1679.583865745053,-3789.642525456537,,,,584.0,85.919
5670,2,1647,1680.583865745053,-3788.642525456537,,,,584.0,85.913
5671,2,1648,1681.583865745053,-3787.642525456537,,,,582.0,85.906
5672,2,1649,1682.583865745053,-3786.642525456537,,,,581.0,85.9
5673,2,1650,1683.583865745053,-3785.642525456537,,,,581.0,85.893
5674,2,1651,1684.583865745053,-3784.642525456537,,,,581.0,85.886
5675,2,1652,1685.583865745053,-3783.642525456537,,,,581.0,85.88
5676,2,1653,1686.583865745053,-3782.642525456537,,,,580.0,85.871
5677,2,1654,1687.583865745053,-3781.642525456537,,,,576.0,85.86
5678,2,1655,1688.583865745053,-3780.642525456537,,,,577.0,85.849
5679,2,1656,1689.583865745053,-3779.642525456537,,,,579.0,85.839
5680,2,1657,1690.583865745053,-3778.642525456537,,,,577.0,85.83
5681,2,1658,1691.583865745053,-3777.642525456537,,,,575.0,85.824
5682,2,1659,1692.583865745053,-3776.642525456537,,,,573.0,85.82
5683,2,1660,1693.583865745053,-3775.642525456537,,,,571.0,85.816
5684,2,1661,1694.583865745053,-3774.642525456537,,,,569.0,85.813
5685,2,1662,1695.583865745053,-3773.642525456537,,,,569.0,85.808
5686,2,1663,1696.583865745053,-3772.642525456537,,,,568.0,85.802
5687,2,1664,1697.583865745053,-3771.642525456537,,,,567.0,85.794
5688,2,1665,1698.583865745053,-3770.642525456537,,,,565.0,85.786
5689,2,1666,1699.583865745053,-3769.642525456537,,,,562.0,85.776
5690,2,1667,1700.583865745053,-3768.642525456537,,,,559.0,85.767
5691,2,1668,1701.583865745053,-3767.642525456537,,,,556.0,85.758
5692,2,1669,1702.583865745053,-3766.642525456537,,,,554.0,85.75
5693,2,1670,1703.583865745053,-3765.642525456537,,,,553.0,85.743
5694,2,1671,1704.583865745053,-3764.642525456537,,,,552.0,85.735
5695,2,1672,1705.583865745053,-3763.642525456537,,,,550.0,85.728
5696,2,1673,1706.583865745053,-3762.642525456537,,,,548.0,85.722
5697,2,1674,1707.583865745053,-3761.642525456537,,,,547.0,85.716
5698,2,1675,1708.583865745053,-3760.642525456537,,,,545.0,85.709
5699,2,1676,1709.583865745053,-3759.642525456537,,,,543.0,85.702
5700,2,1677,1710.583865745053,-3758.642525456537,,,,540.0,85.695
5701,2,1678,1711.583865745053,-3757.642525456537,,,,539.0,85.686
5702,2,1679,1712.583865745053,-3756.642525456537,,,,539.0,85.678
5703,2,1680,1713.583865745053,-3755.642525456537,,,,537.0,85.671
5704,2,1681,1714.583865745053,-3754.642525456537,,,,536.0,85.663
5705,2,1682,1715.583865745053,-3753.642525456537,,,,535.0,85.656
5706,2,1683,1716.583865745053,-3752.642525456537,,,,534.0,85.646
5707,2,1684,1717.583865745053,-3751.642525456537,,,,532.0,85.637
5708,2,1685,1718.583865745053,-3750.642525456537,,,,529.0,85.63
5709,2,1686,1719.583865745053,-3749.642525456537,,,,525.0,85.623
5710,2,1687,1720.583865745053,-3748.642525456537,,,,522.0,85.617
5711,2,1688,1721.583865745053,-3747.642525456537,,,,520.0,85.613
5712,2,1689,1722.583865745053,-3746.642525456537,,,,518.0,85.609
5713,2,1690,1723.583865745053,-3745.642525456537,,,,516.0,85.606
5714,2,1691,1724.583865745053,-3744.642525456537,,,,515.0,85.601
5715,2,1692,1725.583865745053,-3743.642525456537,,,,512.0,85.598
5716,2,1693,1726.583865745053,-3742.642525456537,,,,511.0,85.593
5717,2,1694,1727.583865745053,-3741.642525456537,,,,510.0,85.589
5718,2,1695,1728.583865745053,-3740.642525456537,,,,509.0,85.582
5719,2,1696,1729.583865745053,-3739.642525456537,,,,508.0,85.577
5720,2,1697,1730.583865745053,-3738.642525456537,,,,506.0,85.571
5721,2,1698,1731.583865745053,-3737.642525456537,,,,504.0,85.564
5722,2,1699,1732.583865745053,-3736.642525456537,,,,502.0,85.557
5723,2,1700,1733.583865745053,-3735.642525456537,,,,499.0,85.549
5724,2,1701,1734.583865745053,-3734.642525456537,,,,497.0,85.543
5725,2,1702,1735.583865745053,-3733.642525456537,,,,495.0,85.536
5726,2,1703,1736.583865745053,-3732.642525456537,,,,494.0,85.528
5727,2,1704,1737.583865745053,-3731.642525456537,,,,493.0,85.521
5728,2,1705,1738.583865745053,-3730.642525456537,,,,493.0,85.514
5729,2,1706,1739.583865745053,-3729.642525456537,,,,493.0,85.509
5730,2,1707,1740.583865745053,-3728.642525456537,,,,495.0,85.506
5731,2,1708,1741.583865745053,-3727.642525456537,,,,496.0,85.503
5733,2,1710,1743.583865745053,-3725.642525456537,,,,498.0,85.501
5734,2,1711,1744.583865745053,-3724.642525456537,,,,500.0,85.499
5735,2,1712,1745.583865745053,-3723.642525456537,,,,501.0,85.492
5736,2,1713,1746.583865745053,-3722.642525456537,,,,503.0,85.484
5737,2,1714,1747.583865745053,-3721.642525456537,,,,505.0,85.471
5738,2,1715,1748.583865745053,-3720.642525456537,,,,506.0,85.459
5739,2,1716,1749.583865745053,-3719.642525456537,,,,506.0,85.446
5740,2,1717,1750.583865745053,-3718.642525456537,,,,506.0,85.439
5741,2,1718,1751.583865745053,-3717.642525456537,,,,505.0,85.434
6007,2,1984,2017.583865745053,-3451.642525456537,,,,597.0,85.423
6008,2,1985,2018.583865745053,-3450.642525456537,,,,595.0,85.411
6009,2,1986,2019.583865745053,-3449.642525456537,,,,592.0,85.396
6010,2,1987,2020.583865745053,-3448.642525456537,,,,589.0,85.384
6011,2,1988,2021.583865745053,-3447.642525456537,,,,586.0,85.37
6012,2,1989,2022.583865745053,-3446.642525456537,,,,584.0,85.356
6013,2,1990,2023.583865745053,-3445.642525456537,,,,584.0,85.343
6014,2,1991,2024.583865745053,-3444.642525456537,,,,581.0,85.328
6015,2,1992,2025.583865745053,-3443.642525456537,,,,579.0,85.313
6016,2,1993,2026.583865745053,-3442.642525456537,,,,576.0,85.298
6017,2,1994,2027.583865745053,-3441.642525456537,,,,575.0,85.283
6018,2,1995,2028.583865745053,-3440.642525456537,,,,574.0,85.271
6019,2,1996,2029.583865745053,-3439.642525456537,,,,578.0,85.26
6020,2,1997,2030.583865745053,-3438.642525456537,,,,580.0,85.25
6021,2,1998,2031.583865745053,-3437.642525456537,,,,581.0,85.24
6022,2,1999,2032.583865745053,-3436.642525456537,,,,581.0,85.232
6023,2,2000,2033.583865745053,-3435.642525456537,,,,580.0,85.223
6024,2,2001,2034.583865745053,-3434.642525456537,,,,578.0,85.213
6025,2,2002,2035.583865745053,-3433.642525456537,,,,576.0,85.202
6026,2,2003,2036.583865745053,-3432.642525456537,,,,572.0,85.188
6027,2,2004,2037.583865745053,-3431.642525456537,,,,566.0,85.174
6028,2,2005,2038.583865745053,-3430.642525456537,,,,563.0,85.16
6029,2,2006,2039.583865745053,-3429.642525456537,,,,559.0,85.144
6030,2,2007,2040.583865745053,-3428.642525456537,,,,558.0,85.13
6031,2,2008,2041.583865745053,-3427.642525456537,,,,557.0,85.118
6032,2,2009,2042.583865745053,-3426.642525456537,,,,556.0,85.105
6033,2,2010,2043.583865745053,-3425.642525456537,,,,555.0,85.092
6034,2,2011,2044.583865745053,-3424.642525456537,,,,553.0,85.08
6035,2,2012,2045.583865745053,-3423.642525456537,,,,551.0,85.067
6036,2,2013,2046.583865745053,-3422.642525456537,,,,548.0,85.054
6037,2,2014,2047.583865745053,-3421.642525456537,,,,545.0,85.04
6038,2,2015,2048.583865745053,-3420.642525456537,,,,541.0,85.025
6039,2,2016,2049.583865745053,-3419.642525456537,,,,536.0,85.007
6040,2,2017,2050.583865745053,-3418.642525456537,,,,535.0,84.991
6041,2,2018,2051.583865745053,-3417.642525456537,,,,534.0,84.974
6042,2,2019,2052.583865745053,-3416.642525456537,,,,536.0,84.961
6043,2,2020,2053.583865745053,-3415.642525456537,,,,538.0,84.949
6044,2,2021,2054.583865745053,-3414.642525456537,,,,539.0,84.938
6045,2,2022,2055.583865745053,-3413.642525456537,,,,540.0,84.928
6046,2,2023,2056.583865745053,-3412.642525456537,,,,539.0,84.919
6047,2,2024,2057.583865745053,-3411.642525456537,,,,537.0,84.908
6048,2,2025,2058.583865745053,-3410.642525456537,,,,534.0,84.896
6049,2,2026,2059.583865745053,-3409.642525456537,,,,531.0,84.882
6050,2,2027,2060.583865745053,-3408.642525456537,,,,528.0,84.866
6051,2,2028,2061.583865745053,-3407.642525456537,,,,525.0,84.849
6052,2,2029,2062.583865745053,-3406.642525456537,,,,522.0,84.833
6053,2,2030,2063.583865745053,-3405.642525456537,,,,520.0,84.818
6054,2,2031,2064.583865745053,-3404.642525456537,,,,521.0,84.803
6055,2,2032,2065.583865745053,-3403.642525456537,,,,522.0,84.791
6056,2,2033,2066.583865745053,-3402.642525456537,,,,522.0,84.778
6057,2,2034,2067.583865745053,-3401.642525456537,,,,521.0,84.765
6058,2,2035,2068.583865745053,-3400.642525456537,,,,519.0,84.753
6059,2,2036,2069.583865745053,-3399.642525456537,,,,518.0,84.74
6060,2,2037,2070.583865745053,-3398.642525456537,,,,516.0,84.725
6061,2,2038,2071.583865745053,-3397.642525456537,,,,515.0,84.712
6062,2,2039,2072.583865745053,-3396.642525456537,,,,513.0,84.699
6063,2,2040,2073.583865745053,-3395.642525456537,,,,510.0,84.685
6064,2,2041,2074.583865745053,-3394.642525456537,,,,509.0,84.671
6065,2,2042,2075.583865745053,-3393.642525456537,,,,509.0,84.657
6066,2,2043,2076.583865745053,-3392.642525456537,,,,508.0,84.643
6067,2,2044,2077.583865745053,-3391.642525456537,,,,507.0,84.628
6068,2,2045,2078.583865745053,-3390.642525456537,,,,505.0,84.614
6069,2,2046,2079.583865745053,-3389.642525456537,,,,504.0,84.597
6070,2,2047,2080.583865745053,-3388.642525456537,,,,502.0,84.581
6071,2,2048,2081.583865745053,-3387.642525456537,,,,501.0,84.565
6072,2,2049,2082.583865745053,-3386.642525456537,,,,501.0,84.549
6073,2,2050,2083.583865745053,-3385.642525456537,,,,500.0,84.532
6074,2,2051,2084.583865745053,-3384.642525456537,,,,500.0,84.515
6075,2,2052,2085.583865745053,-3383.642525456537,,,,500.0,84.499
6076,2,2053,2086.583865745053,-3382.642525456537,,,,500.0,84.482
6077,2,2054,2087.583865745053,-3381.642525456537,,,,501.0,84.467
6078,2,2055,2088.583865745053,-3380.642525456537,,,,501.0,84.453
6079,2,2056,2089.583865745053,-3379.642525456537,,,,503.0,84.438
6080,2,2057,2090.583865745053,-3378.642525456537,,,,505.0,84.427
6081,2,2058,2091.583865745053,-3377.642525456537,,,,507.0,84.414
6082,2,2059,2092.583865745053,-3376.642525456537,,,,508.0,84.406
6083,2,2060,2093.583865745053,-3375.642525456537,,,,508.0,84.398
6084,2,2061,2094.583865745053,-3374.642525456537,,,,506.0,84.393
6085,2,2062,2095.583865745053,-3373.642525456537,,,,504.0,84.391
6125,2,2102,2135.583865745053,-3333.642525456537,,,,504.0,84.381
6126,2,2103,2136.583865745053,-3332.642525456537,,,,504.0,84.37
6127,2,2104,2137.583865745053,-3331.642525456537,,,,504.0,84.365
6438,2,2415,2448.583865745053,-3020.642525456537,,,,593.0,84.362
6439,2,2416,2449.583865745053,-3019.642525456537,,,,592.0,84.36
6440,2,2417,2450.583865745053,-3018.642525456537,,,,592.0,84.358
6441,2,2418,2451.583865745053,-3017.642525456537,,,,593.0,84.355
6442,2,2419,2452.583865745053,-3016.642525456537,,,,594.0,84.353
6443,2,2420,2453.583865745053,-3015.642525456537,,,,594.0,84.35
6444,2,2421,2454.583865745053,-3014.642525456537,,,,595.0,84.347
6446,2,2423,2456.583865745053,-3012.642525456537,,,,596.0,84.346
6449,2,2426,2459.583865745053,-3009.642525456537,,,,597.0,84.344
6450,2,2427,2460.583865745053,-3008.642525456537,,,,597.0,84.341
6451,2,2428,2461.583865745053,-3007.642525456537,,,,597.0,84.334
6452,2,2429,2462.583865745053,-3006.642525456537,,,,595.0,84.327
6453,2,2430,2463.583865745053,-3005.642525456537,,,,592.0,84.317
6454,2,2431,2464.583865745053,-3004.642525456537,,,,591.0,84.306
6455,2,2432,2465.583865745053,-3003.642525456537,,,,591.0,84.294
6456,2,2433,2466.583865745053,-3002.642525456537,,,,592.0,84.282
6457,2,2434,2467.583865745053,-3001.642525456537,,,,591.0,84.269
6458,2,2435,2468.583865745053,-3000.642525456537,,,,590.0,84.255
6459,2,2436,2469.583865745053,-2999.642525456537,,,,589.0,84.24
6460,2,2437,2470.583865745053,-2998.642525456537,,,,586.0,84.224
6461,2,2438,2471.583865745053,-2997.642525456537,,,,584.0,84.207
6462,2,2439,2472.583865745053,-2996.642525456537,,,,582.0,84.191
6463,2,2440,2473.583865745053,-2995.642525456537,,,,581.0,84.173
6464,2,2441,2474.583865745053,-2994.642525456537,,,,578.0,84.153
6465,2,2442,2475.583865745053,-2993.642525456537,,,,574.0,84.137
6466,2,2443,2476.583865745053,-2992.642525456537,,,,571.0,84.119
6467,2,2444,2477.583865745053,-2991.642525456537,,,,568.0,84.102
6468,2,2445,2478.583865745053,-2990.642525456537,,,,564.0,84.087
6469,2,2446,2479.583865745053,-2989.642525456537,,,,562.0,84.069
6470,2,2447,2480.583865745053,-2988.642525456537,,,,561.0,84.053
6471,2,2448,2481.583865745053,-2987.642525456537,,,,556.0,84.036
6472,2,2449,2482.583865745053,-2986.642525456537,,,,554.0,84.019
6473,2,2450,2483.583865745053,-2985.642525456537,,,,551.0,84.0
6474,2,2451,2484.583865745053,-2984.642525456537,,,,549.0,83.982
6475,2,2452,2485.583865745053,-2983.642525456537,,,,548.0,83.965
6476,2,2453,2486.583865745053,-2982.642525456537,,,,549.0,83.948
6477,2,2454,2487.583865745053,-2981.642525456537,,,,548.0,83.931
6478,2,2455,2488.583865745053,-2980.642525456537,,,,545.0,83.916
6479,2,2456,2489.583865745053,-2979.642525456537,,,,544.0,83.901
6480,2,2457,2490.583865745053,-2978.642525456537,,,,542.0,83.885
6481,2,2458,2491.583865745053,-2977.642525456537,,,,540.0,83.869
6482,2,2459,2492.583865745053,-2976.642525456537,,,,540.0,83.855
6483,2,2460,2493.583865745053,-2975.642525456537,,,,538.0,83.842
6484,2,2461,2494.583865745053,-2974.642525456537,,,,535.0,83.827
6485,2,2462,2495.583865745053,-2973.642525456537,,,,532.0,83.812
6486,2,2463,2496.583865745053,-2972.642525456537,,,,528.0,83.796
6487,2,2464,2497.583865745053,-2971.642525456537,,,,525.0,83.779
6488,2,2465,2498.583865745053,-2970.642525456537,,,,521.0,83.763
6489,2,2466,2499.583865745053,-2969.642525456537,,,,518.0,83.745
6490,2,2467,2500.583865745053,-2968.642525456537,,,,516.0,83.729
6491,2,2468,2501.583865745053,-2967.642525456537,,,,514.0,83.714
6492,2,2469,2502.583865745053,-2966.642525456537,,,,512.0,83.701
6493,2,2470,2503.583865745053,-2965.642525456537,,,,510.0,83.685
6494,2,2471,2504.583865745053,-2964.642525456537,,,,508.0,83.67
6495,2,2472,2505.583865745053,-2963.642525456537,,,,505.0,83.654
6496,2,2473,2506.583865745053,-2962.642525456537,,,,502.0,83.639
6497,2,2474,2507.583865745053,-2961.642525456537,,,,500.0,83.624
6498,2,2475,2508.583865745053,-2960.642525456537,,,,498.0,83.608
6499,2,2476,2509.583865745053,-2959.642525456537,,,,495.0,83.591
6500,2,2477,2510.583865745053,-2958.642525456537,,,,494.0,83.576
6501,2,2478,2511.583865745053,-2957.642525456537,,,,491.0,83.559
6502,2,2479,2512.583865745053,-2956.642525456537,,,,489.0,83.543
6503,2,2480,2513.583865745053,-2955.642525456537,,,,488.0,83.528
6504,2,2481,2514.583865745053,-2954.642525456537,,,,488.0,83.513
6505,2,2482,2515.583865745053,-2953.642525456537,,,,480.0,83.498
6506,2,2483,2516.583865745053,-2952.642525456537,,,,488.0,83.483
6507,2,2484,2517.583865745053,-2951.642525456537,,,,490.0,83.466
6508,2,2485,2518.583865745053,-2950.642525456537,,,,484.0,83.45
6509,2,2486,2519.583865745053,-2949.642525456537,,,,483.0,83.434
6510,2,2487,2520.583865745053,-2948.642525456537,,,,482.0,83.418
6511,2,2488,2521.583865745053,-2947.642525456537,,,,480.0,83.402
6512,2,2489,2522.583865745053,-2946.642525456537,,,,480.0,83.389
6513,2,2490,2523.583865745053,-2945.642525456537,,,,479.0,83.374
6514,2,2491,2524.583865745053,-2944.642525456537,,,,479.0,83.361
6515,2,2492,2525.583865745053,-2943.642525456537,,,,478.0,83.347
6516,2,2493,2526.583865745053,-2942.642525456537,,,,479.0,83.336
6517,2,2494,2527.583865745053,-2941.642525456537,,,,480.0,83.325
6518,2,2495,2528.583865745053,-2940.642525456537,,,,481.0,83.314
6519,2,2496,2529.583865745053,-2939.642525456537,,,,482.0,83.305
6520,2,2497,2530.583865745053,-2938.642525456537,,,,481.0,83.296
6521,2,2498,2531.583865745053,-2937.642525456537,,,,481.0,83.284
6522,2,2499,2532.583865745053,-2936.642525456537,,,,481.0,83.27
6523,2,2500,2533.583865745053,-2935.642525456537,,,,482.0,83.255
6524,2,2501,2534.583865745053,-2934.642525456537,,,,483.0,83.241
6525,2,2502,2535.583865745053,-2933.642525456537,,,,484.0,83.226
6526,2,2503,2536.583865745053,-2932.642525456537,,,,484.0,83.212
6527,2,2504,2537.583865745053,-2931.642525456537,,,,485.0,83.197
6528,2,2505,2538.583865745053,-2930.642525456537,,,,486.0,83.183
6529,2,2506,2539.583865745053,-2929.642525456537,,,,487.0,83.169
6530,2,2507,2540.583865745053,-2928.642525456537,,,,488.0,83.159
6531,2,2508,2541.583865745053,-2927.642525456537,,,,489.0,83.151
6532,2,2509,2542.583865745053,-2926.642525456537,,,,491.0,83.148
6533,2,2510,2543.583865745053,-2925.642525456537,,,,491.0,83.147
6608,2,2585,2618.583865745053,-2850.642525456537,,,,505.0,83.145
6609,2,2586,2619.583865745053,-2849.642525456537,,,,507.0,83.13
6610,2,2587,2620.583865745053,-2848.642525456537,,,,509.0,83.119
6611,2,2588,2621.583865745053,-2847.642525456537,,,,511.0,83.108
6612,2,2589,2622.583865745053,-2846.642525456537,,,,513.0,83.102
6613,2,2590,2623.583865745053,-2845.642525456537,,,,515.0,83.098
6837,2,2814,2847.583865745053,-2621.642525456537,,,,389.0,83.097
6838,2,2815,2848.583865745053,-2620.642525456537,,,,388.0,83.09
6839,2,2816,2849.583865745053,-2619.642525456537,,,,387.0,83.082
6840,2,2817,2850.583865745053,-2618.642525456537,,,,388.0,83.073
6841,2,2818,2851.583865745053,-2617.642525456537,,,,388.0,83.066
6842,2,2819,2852.583865745053,-2616.642525456537,,,,387.0,83.058
6843,2,2820,2853.583865745053,-2615.642525456537,,,,387.0,83.05
6844,2,2821,2854.583865745053,-2614.642525456537,,,,384.0,83.043
6845,2,2822,2855.583865745053,-2613.642525456537,,,,382.0,83.036
6846,2,2823,2856.583865745053,-2612.642525456537,,,,381.0,83.028
6847,2,2824,2857.583865745053,-2611.642525456537,,,,380.0,83.019
6848,2,2825,2858.583865745053,-2610.642525456537,,,,381.0,83.01
6849,2,2826,2859.583865745053,-2609.642525456537,,,,380.0,83.002
6850,2,2827,2860.583865745053,-2608.642525456537,,,,381.0,82.991
6851,2,2828,2861.583865745053,-2607.642525456537,,,,382.0,82.98
6852,2,2829,2862.583865745053,-2606.642525456537,,,,381.0,82.967
6853,2,2830,2863.583865745053,-2605.642525456537,,,,380.0,82.951
6854,2,2831,2864.583865745053,-2604.642525456537,,,,378.0,82.934
6855,2,2832,2865.583865745053,-2603.642525456537,,,,377.0,82.92
6856,2,2833,2866.583865745053,-2602.642525456537,,,,379.0,82.906
6857,2,2834,2867.583865745053,-2601.642525456537,,,,381.0,82.894
6858,2,2835,2868.583865745053,-2600.642525456537,,,,383.0,82.884
6859,2,2836,2869.583865745053,-2599.642525456537,,,,384.0,82.876
6860,2,2837,2870.583865745053,-2598.642525456537,,,,383.0,82.869
6861,2,2838,2871.583865745053,-2597.642525456537,,,,381.0,82.866
6862,2,2839,2872.583865745053,-2596.642525456537,,,,377.0,82.865
9169,2,5146,5179.583865745053,-289.642525456537,,,,547.0,82.86
9170,2,5147,5180.583865745053,-288.642525456537,,,,545.0,82.852
9171,2,5148,5181.583865745053,-287.642525456537,,,,541.0,82.845
9172,2,5149,5182.583865745053,-286.642525456537,,,,536.0,82.837
9173,2,5150,5183.583865745053,-285.642525456537,,,,532.0,82.83
9174,2,5151,5184.583865745053,-284.642525456537,,,,529.0,82.821
9175,2,5152,5185.583865745053,-283.642525456537,,,,526.0,82.812
9176,2,5153,5186.583865745053,-282.642525456537,,,,524.0,82.804
9177,2,5154,5187.583865745053,-281.642525456537,,,,523.0,82.796
9178,2,5155,5188.583865745053,-280.642525456537,,,,522.0,82.789
9179,2,5156,5189.583865745053,-279.642525456537,,,,519.0,82.785
9180,2,5157,5190.583865745053,-278.642525456537,,,,516.0,82.778
9181,2,5158,5191.583865745053,-277.642525456537,,,,511.0,82.772
9182,2,5159,5192.583865745053,-276.642525456537,,,,507.0,82.765
9183,2,5160,5193.583865745053,-275.642525456537,,,,504.0,82.757
9184,2,5161,5194.583865745053,-274.642525456537,,,,501.0,82.748
9185,2,5162,5195.583865745053,-273.642525456537,,,,499.0,82.739
9186,2,5163,5196.583865745053,-272.642525456537,,,,499.0,82.731
9187,2,5164,5197.583865745053,-271.642525456537,,,,497.0,82.724
9188,2,5165,5198.583865745053,-270.642525456537,,,,497.0,82.716
9189,2,5166,5199.583865745053,-269.642525456537,,,,496.0,82.709
9190,2,5167,5200.583865745053,-268.642525456537,,,,495.0,82.703
9191,2,5168,5201.583865745053,-267.642525456537,,,,493.0,82.696
9192,2,5169,5202.583865745053,-266.642525456537,,,,493.0,82.69
9193,2,5170,5203.583865745053,-265.642525456537,,,,492.0,82.683
9194,2,5171,5204.583865745053,-264.642525456537,,,,490.0,82.679
9195,2,5172,5205.583865745053,-263.642525456537,,,,488.0,82.675
9196,2,5173,5206.583865745053,-262.642525456537,,,,487.0,82.671
9197,2,5174,5207.583865745053,-261.642525456537,,,,488.0,82.664
9198,2,5175,5208.583865745053,-260.642525456537,,,,488.0,82.653
9199,2,5176,5209.583865745053,-259.642525456537,,,,488.0,82.644
9200,2,5177,5210.583865745053,-258.642525456537,,,,488.0,82.636
9201,2,5178,5211.583865745053,-257.642525456537,,,,487.0,82.626
9202,2,5179,5212.583865745053,-256.642525456537,,,,486.0,82.618
9203,2,5180,5213.583865745053,-255.642525456537,,,,485.0,82.608
9204,2,5181,5214.583865745053,-254.642525456537,,,,483.0,82.598
9205,2,5182,5215.583865745053,-253.642525456537,,,,481.0,82.587
9206,2,5183,5216.583865745053,-252.642525456537,,,,480.0,82.576
9207,2,5184,5217.583865745053,-251.642525456537,,,,480.0,82.563
9208,2,5185,5218.583865745053,-250.642525456537,,,,479.0,82.551
9209,2,5186,5219.583865745053,-249.642525456537,,,,478.0,82.538
9210,2,5187,5220.583865745053,-248.642525456537,,,,477.0,82.526
9211,2,5188,5221.583865745053,-247.642525456537,,,,476.0,82.513
9212,2,5189,5222.583865745053,-246.642525456537,,,,475.0,82.499
9213,2,5190,5223.583865745053,-245.642525456537,,,,475.0,82.487
9214,2,5191,5224.583865745053,-244.642525456537,,,,475.0,82.475
9215,2,5192,5225.583865745053,-243.642525456537,,,,476.0,82.463
9216,2,5193,5226.583865745053,-242.642525456537,,,,477.0,82.451
9217,2,5194,5227.583865745053,-241.642525456537,,,,478.0,82.441
9218,2,5195,5228.583865745053,-240.642525456537,,,,482.0,82.433
9219,2,5196,5229.583865745053,-239.642525456537,,,,484.0,82.429
10002,2,5979,6012.583865745053,543.357474543463,,,,853.0,82.425
10003,2,5980,6013.583865745053,544.357474543463,,,,853.0,82.412
10004,2,5981,6014.583865745053,545.357474543463,,,,852.0,82.399
10005,2,5982,6015.583865745053,546.357474543463,,,,850.0,82.384
10006,2,5983,6016.583865745053,547.357474543463,,,,847.0,82.369
10007,2,5984,6017.583865745053,548.357474543463,,,,845.0,82.354
10008,2,5985,6018.583865745053,549.357474543463,,,,844.0,82.337
10009,2,5986,6019.583865745053,550.357474543463,,,,842.0,82.32
10010,2,5987,6020.583865745053,551.357474543463,,,,839.0,82.303
10011,2,5988,6021.583865745053,552.357474543463,,,,836.0,82.286
10012,2,5989,6022.583865745053,553.357474543463,,,,833.0,82.269
10013,2,5990,6023.583865745053,554.357474543463,,,,830.0,82.25
10014,2,5991,6024.583865745053,555.357474543463,,,,826.0,82.232
10015,2,5992,6025.583865745053,556.357474543463,,,,823.0,82.217
10016,2,5993,6026.583865745053,557.357474543463,,,,820.0,82.199
10017,2,5994,6027.583865745053,558.357474543463,,,,817.0,82.183
10018,2,5995,6028.583865745053,559.357474543463,,,,815.0,82.168
10019,2,5996,6029.583865745053,560.357474543463,,,,813.0,82.152
10020,2,5997,6030.583865745053,561.357474543463,,,,810.0,82.137
10021,2,5998,6031.583865745053,562.357474543463,,,,808.0,82.119
10022,2,5999,6032.583865745053,563.357474543463,,,,806.0,82.102
10023,2,6000,6033.583865745053,564.357474543463,,,,803.0,82.083
10024,2,6001,6034.583865745053,565.357474543463,,,,802.0,82.066
10025,2,6002,6035.583865745053,566.357474543463,,,,801.0,82.049
10026,2,6003,6036.583865745053,567.357474543463,,,,802.0,82.032
10027,2,6004,6037.583865745053,568.357474543463,,,,802.0,82.015
10028,2,6005,6038.583865745053,569.357474543463,,,,803.0,82.0
10029,2,6006,6039.583865745053,570.357474543463,,,,804.0,81.987
10030,2,6007,6040.583865745053,571.357474543463,,,,805.0,81.974
10031,2,6008,6041.583865745053,572.357474543463,,,,804.0,81.961
10032,2,6009,6042.583865745053,573.357474543463,,,,803.0,81.948
10033,2,6010,6043.583865745053,574.357474543463,,,,801.0,81.935
10034,2,6011,6044.583865745053,575.357474543463,,,,799.0,81.92
10035,2,6012,6045.583865745053,576.357474543463,,,,796.0,81.907
10036,2,6013,6046.583865745053,577.357474543463,,,,792.0,81.893
10037,2,6014,6047.583865745053,578.357474543463,,,,795.0,81.878
10038,2,6015,6048.583865745053,579.357474543463,,,,790.0,81.866
10039,2,6016,6049.583865745053,580.357474543463,,,,787.0,81.853
10040,2,6017,6050.583865745053,581.357474543463,,,,784.0,81.841
10041,2,6018,6051.583865745053,582.357474543463,,,,782.0,81.829
10042,2,6019,6052.583865745053,583.357474543463,,,,779.0,81.817
10043,2,6020,6053.583865745053,584.357474543463,,,,777.0,81.803
10044,2,6021,6054.583865745053,585.357474543463,,,,773.0,81.79
10045,2,6022,6055.583865745053,586.357474543463,,,,775.0,81.777
10046,2,6023,6056.583865745053,587.357474543463,,,,775.0,81.762
10047,2,6024,6057.583865745053,588.357474543463,,,,773.0,81.749
10048,2,6025,6058.583865745053,589.357474543463,,,,770.0,81.737
10049,2,6026,6059.583865745053,590.357474543463,,,,767.0,81.723
10050,2,6027,6060.583865745053,591.357474543463,,,,765.0,81.71
10051,2,6028,6061.583865745053,592.357474543463,,,,764.0,81.698
10052,2,6029,6062.583865745053,593.357474543463,,,,764.0,81.685
10053,2,6030,6063.583865745053,594.357474543463,,,,762.0,81.673
10054,2,6031,6064.583865745053,595.357474543463,,,,760.0,81.662
10055,2,6032,6065.583865745053,596.357474543463,,,,759.0,81.648
10056,2,6033,6066.583865745053,597.357474543463,,,,756.0,81.636
10057,2,6034,6067.583865745053,598.357474543463,,,,753.0,81.623
10058,2,6035,6068.583865745053,599.357474543463,,,,750.0,81.608
10059,2,6036,6069.583865745053,600.357474543463,,,,747.0,81.596
10060,2,6037,6070.583865745053,601.357474543463,,,,744.0,81.582
10061,2,6038,6071.583865745053,602.357474543463,,,,742.0,81.57
10062,2,6039,6072.583865745053,603.357474543463,,,,739.0,81.558
10063,2,6040,6073.583865745053,604.357474543463,,,,737.0,81.544
10064,2,6041,6074.583865745053,605.357474543463,,,,734.0,81.529
10065,2,6042,6075.583865745053,606.357474543463,,,,731.0,81.513
10066,2,6043,6076.583865745053,607.357474543463,,,,727.0,81.498
10067,2,6044,6077.583865745053,608.357474543463,,,,723.0,81.481
10068,2,6045,6078.583865745053,609.357474543463,,,,720.0,81.464
10069,2,6046,6079.583865745053,610.357474543463,,,,717.0,81.448
10070,2,6047,6080.583865745053,611.357474543463,,,,715.0,81.431
10071,2,6048,6081.583865745053,612.357474543463,,,,712.0,81.415
10072,2,6049,6082.583865745053,613.357474543463,,,,709.0,81.396
10073,2,6050,6083.583865745053,614.357474543463,,,,707.0,81.378
10074,2,6051,6084.583865745053,615.357474543463,,,,704.0,81.359
10075,2,6052,6085.583865745053,616.357474543463,,,,701.0,81.341
10076,2,6053,6086.583865745053,617.357474543463,,,,698.0,81.322
10077,2,6054,6087.583865745053,618.357474543463,,,,695.0,81.305
10078,2,6055,6088.583865745053,619.357474543463,,,,692.0,81.288
10079,2,6056,6089.583865745053,620.357474543463,,,,689.0,81.272
10080,2,6057,6090.583865745053,621.357474543463,,,,685.0,81.253
10081,2,6058,6091.583865745053,622.357474543463,,,,683.0,81.234
10082,2,6059,6092.583865745053,623.357474543463,,,,680.0,81.215
10083,2,6060,6093.583865745053,624.357474543463,,,,677.0,81.197
10084,2,6061,6094.583865745053,625.357474543463,,,,676.0,81.178
10085,2,6062,6095.583865745053,626.357474543463,,,,674.0,81.161
10086,2,6063,6096.583865745053,627.357474543463,,,,673.0,81.146
10087,2,6064,6097.583865745053,628.357474543463,,,,673.0,81.13
10088,2,6065,6098.583865745053,629.357474543463,,,,671.0,81.116
10089,2,6066,6099.583865745053,630.357474543463,,,,669.0,81.101
10090,2,6067,6100.583865745053,631.357474543463,,,,668.0,81.085
10091,2,6068,6101.583865745053,632.357474543463,,,,666.0,81.071
10092,2,6069,6102.583865745053,633.357474543463,,,,664.0,81.055
10093,2,6070,6103.583865745053,634.357474543463,,,,663.0,81.042
10094,2,6071,6104.583865745053,635.357474543463,,,,661.0,81.029
10095,2,6072,6105.583865745053,636.357474543463,,,,659.0,81.017
10096,2,6073,6106.583865745053,637.357474543463,,,,658.0,81.006
10097,2,6074,6107.583865745053,638.357474543463,,,,656.0,80.995
10098,2,6075,6108.583865745053,639.357474543463,,,,654.0,80.989
10099,2,6076,6109.583865745053,640.357474543463,,,,652.0,80.984
10100,2,6077,6110.583865745053,641.357474543463,,,,650.0,80.983
10105,2,6082,6115.583865745053,646.357474543463,,,,642.0,80.971
10106,2,6083,6116.583865745053,647.357474543463,,,,639.0,80.953
10107,2,6084,6117.583865745053,648.357474543463,,,,636.0,80.936
10108,2,6085,6118.583865745053,649.357474543463,,,,632.0,80.917
10109,2,6086,6119.583865745053,650.357474543463,,,,630.0,80.898
10110,2,6087,6120.583865745053,651.357474543463,,,,628.0,80.88
10111,2,6088,6121.583865745053,652.357474543463,,,,625.0,80.861
10112,2,6089,6122.583865745053,653.357474543463,,,,623.0,80.844
10113,2,6090,6123.583865745053,654.357474543463,,,,619.0,80.826
10114,2,6091,6124.583865745053,655.357474543463,,,,616.0,80.807
10115,2,6092,6125.583865745053,656.357474543463,,,,614.0,80.788
10116,2,6093,6126.583865745053,657.357474543463,,,,612.0,80.77
10117,2,6094,6127.583865745053,658.357474543463,,,,610.0,80.752
10118,2,6095,6128.583865745053,659.357474543463,,,,608.0,80.733
10119,2,6096,6129.583865745053,660.357474543463,,,,605.0,80.716
10120,2,6097,6130.583865745053,661.357474543463,,,,604.0,80.699
10121,2,6098,6131.583865745053,662.357474543463,,,,602.0,80.681
10122,2,6099,6132.583865745053,663.357474543463,,,,599.0,80.666
10123,2,6100,6133.583865745053,664.357474543463,,,,598.0,80.65
10124,2,6101,6134.583865745053,665.357474543463,,,,597.0,80.634
10125,2,6102,6135.583865745053,666.357474543463,,,,595.0,80.62
10126,2,6103,6136.583865745053,667.357474543463,,,,592.0,80.605
10127,2,6104,6137.583865745053,668.357474543463,,,,589.0,80.589
10128,2,6105,6138.583865745053,669.357474543463,,,,587.0,80.574
10129,2,6106,6139.583865745053,670.357474543463,,,,586.0,80.563
10141,3,12,6151.583865745053,682.357474543463,,,,584.0,80.562
10142,3,13,6152.583865745053,683.357474543463,,,,584.0,80.544
10143,3,14,6153.583865745053,684.357474543463,,,,582.0,80.525
10144,3,15,6154.583865745053,685.357474543463,,,,580.0,80.506
10145,3,16,6155.583865745053,686.357474543463,,,,577.0,80.488
10146,3,17,6156.583865745053,687.357474543463,,,,574.0,80.47
10147,3,18,6157.583865745053,688.357474543463,,,,570.0,80.454
10148,3,19,6158.583865745053,689.357474543463,,,,567.0,80.439
10149,3,20,6159.583865745053,690.357474543463,,,,565.0,80.427
10150,3,21,6160.583865745053,691.357474543463,,,,563.0,80.417
10151,3,22,6161.583865745053,692.357474543463,,,,560.0,80.407
10152,3,23,6162.583865745053,693.357474543463,,,,557.0,80.402
10153,3,24,6163.583865745053,694.357474543463,,,,554.0,80.399
10170,3,41,6180.583865745053,711.357474543463,,,,521.0,80.395
10171,3,42,6181.583865745053,712.357474543463,,,,521.0,80.389
10172,3,43,6182.583865745053,713.357474543463,,,,520.0,80.384
